open;high;low;close;volume;marketCap;timestamp
302.8049926758;311.0280151367;300.25;301.4570007324;909494016;28357573570;"2017-08-17T00:00:00.000Z"
296.1809997559;301.6669921875;286.183013916;297.4700012207;860201984;27995885730.5;"2017-08-19T00:00:00.000Z"
321.0549926758;327.3609924316;297.9129943848;314.7850036621;1336400000;29646659313.6;"2017-08-22T00:00:00.000Z"
326.1090087891;336.3980102539;325.7959899902;331.9150085449;760329024;31281210162.4;"2017-08-25T00:00:00.000Z"
350.0429992676;352.0539855957;338.4070129395;347.7470092773;854318976;32792635350.2;"2017-08-28T00:00:00.000Z"
378.4410095215;386.1390075684;376.3540039063;383.0419921875;706254016;36142706813.6;"2017-08-31T00:00:00.000Z"
350.2290039063;366.4869995117;332.2319946289;347.4840087891;986265984;32807142041.2;"2017-09-03T00:00:00.000Z"
313.8020019531;334.657989502;313.4899902344;334.3380126953;1058830016;31584914370.2;"2017-09-06T00:00:00.000Z"
296.1690063477;299.8909912109;287.2200012207;294.4049987793;528620992;27829435117.5;"2017-09-09T00:00:00.000Z"
294.6300048828;311.1950073242;287.2279968262;291.4639892578;753144000;27568017612.9;"2017-09-12T00:00:00.000Z"
215.220993042;258.6549987793;195.0350036621;250.4640045166;1935699968;23704566169.9;"2017-09-15T00:00:00.000Z"
252.2270050049;293.4970092773;252.2270050049;293.4970092773;1127750016;27794233413.2;"2017-09-18T00:00:00.000Z"
283.2630004883;286.6099853516;255.0160064697;258.5799865723;601265984;24502550354.3;"2017-09-21T00:00:00.000Z"
264.5989990234;286.1679992676;261.1199951172;286.1679992676;450934016;27125537826.4;"2017-09-23T00:00:00.000Z"
292.3460083008;293.75;287.0199890137;287.4379882813;345800992;27259015800.1;"2017-09-26T00:00:00.000Z"
299.1199951172;299.9240112305;279.7730102539;291.467010498;541374976;27654290279.9;"2017-09-29T00:00:00.000Z"
302.4819946289;302.9200134277;294.5820007324;297.4750061035;339443008;28237763673.8;"2017-10-02T00:00:00.000Z"
292.7730102539;298.0409851074;288.8399963379;295.8630065918;253747008;28098336332.5;"2017-10-05T00:00:00.000Z"
311.0589904785;312.5419921875;308.0280151367;308.608001709;293167008;29322710612.1;"2017-10-08T00:00:00.000Z"
301.1809997559;304.3900146484;299.0960083008;303.4559936523;264146000;28847211567.6;"2017-10-11T00:00:00.000Z"
338.8519897461;347.9750061035;334.6979980469;339.6279907227;516561984;32301459659.3;"2017-10-14T00:00:00.000Z"
333.4840087891;333.4840087891;311.7869873047;317.0820007324;509924000;30173609811.9;"2017-10-17T00:00:00.000Z"
308.0459899902;311.4379882813;303.4939880371;304.0060119629;396672992;28947916800.4;"2017-10-20T00:00:00.000Z"
295.0960083008;295.7479858398;277.575012207;286.950012207;482336000;27341319875.9;"2017-10-23T00:00:00.000Z"
298.0220031738;301.0660095215;295.2229919434;296.5270080566;270272992;28271925665.9;"2017-10-26T00:00:00.000Z"
296.3810119629;313.7550048828;296.3810119629;305.0880126953;551752000;29106827254.2;"2017-10-29T00:00:00.000Z"
307.3779907227;310.5480041504;305.8789978027;305.8789978027;369583008;29194751984.9;"2017-10-31T00:00:00.000Z"
288.4970092773;308.3129882813;287.6929931641;305.7109985352;646339968;29197317355.4;"2017-11-03T00:00:00.000Z"
296.4270019531;305.4150085449;293.717010498;298.891998291;579358976;28564296471.6;"2017-11-06T00:00:00.000Z"
308.6449890137;329.4519958496;307.0559997559;320.8840026855;893249984;30685584327.4;"2017-11-09T00:00:00.000Z"
314.6900024414;319.1530151367;298.5130004883;307.907989502;1613479936;29463540579.2;"2017-11-12T00:00:00.000Z"
337.9639892578;340.9119873047;329.8129882813;333.3569946289;722665984;31919060540;"2017-11-15T00:00:00.000Z"
331.9800109863;349.6159973145;327.6870117188;347.6119995117;649638976;33305160559.1;"2017-11-18T00:00:00.000Z"
367.4429931641;372.4700012207;350.6929931641;360.4010009766;949912000;34552559750;"2017-11-21T00:00:00.000Z"
412.5010070801;480.9729919434;402.7579956055;474.9110107422;2292829952;45560021462.3;"2017-11-24T00:00:00.000Z"
471.5310058594;493.4049987793;468.4849853516;480.3550109863;1396480000;46111561438.2;"2017-11-27T00:00:00.000Z"
431.2149963379;465.4970092773;401.2430114746;447.1140136719;1903040000;42947937239;"2017-11-30T00:00:00.000Z"
463.7049865723;482.8139953613;451.8519897461;465.8529968262;990556992;44776362723.9;"2017-12-03T00:00:00.000Z"
462.6040039063;462.7080078125;420.2099914551;428.5880126953;1998259968;41220997941.6;"2017-12-06T00:00:00.000Z"
434.9890136719;466.0620117188;422.3670043945;456.0310058594;2336379904;43879256076.4;"2017-12-08T00:00:00.000Z"
440.358001709;516.9689941406;439.1040039063;515.1359863281;1771440000;49597927197.8;"2017-12-11T00:00:00.000Z"
700.5939941406;753.1209716797;664.9890136719;695.8159790039;3821580032;67036917106.7;"2017-12-14T00:00:00.000Z"
696.2369995117;735.825012207;696.2369995117;719.9749755859;2147389952;69409025337.5;"2017-12-17T00:00:00.000Z"
827.5159912109;845.0620117188;756.0040283203;819.0859985352;3969939968;79014430827.6;"2017-12-20T00:00:00.000Z"
681.3159790039;763.8950195313;679.7310180664;719.3870239258;2480339968;69441297649.2;"2017-12-23T00:00:00.000Z"
763.3699951172;786.7899780273;760.9349975586;773.8359985352;2201159936;74744613930.9;"2017-12-26T00:00:00.000Z"
740.3889770508;770.1170043945;729.6079711914;753.5919799805;2648969984;72835328712.1;"2017-12-29T00:00:00.000Z"
755.757019043;782.5300292969;742.0040283203;772.6409912109;2595760128;74724233457.5;"2018-01-01T00:00:00.000Z"
961.7130126953;1045.0799560547;946.0859985352;980.9219970703;6502859776;94924308782.9;"2018-01-04T00:00:00.000Z"
1043.0100097656;1153.1700439453;1043.0100097656;1153.1700439453;5569880064;111670667774;"2018-01-07T00:00:00.000Z"
1300.3399658203;1417.3800048828;1226.5999755859;1255.8199462891;9214950400;121689425203;"2018-01-10T00:00:00.000Z"
1270.4699707031;1432.8800048828;1270.4699707031;1396.4200439453;5746760192;135400735922;"2018-01-13T00:00:00.000Z"
1365.2099609375;1390.5899658203;1290.5999755859;1291.9200439453;4781100032;125319766537;"2018-01-15T00:00:00.000Z"
1016.4400024414;1100.3100585938;967.758972168;1036.2800292969;5938319872;100588318055;"2018-01-18T00:00:00.000Z"
1155.6800537109;1155.6800537109;1021.5;1049.5799560547;3378089984;101943726022;"2018-01-21T00:00:00.000Z"
987.4769897461;1062.4399414063;965.8079833984;1058.7800292969;3944039936;102902843882;"2018-01-24T00:00:00.000Z"
1055.75;1121.9799804688;1042.1199951172;1107.0699462891;3002870016;107663911307;"2018-01-27T00:00:00.000Z"
1184.1300048828;1184.6300048828;1058.9699707031;1071.1300048828;4107859968;104234481555;"2018-01-30T00:00:00.000Z"
1035.7700195313;1035.7700195313;757.9799804688;915.7849731445;6713290240;89173962073.8;"2018-02-02T00:00:00.000Z"
834.9580078125;856.6459960938;644.5989990234;697.9509887695;4269530112;68005284182.7;"2018-02-05T00:00:00.000Z"
755.8430175781;845.0859985352;755.8430175781;817.8070068359;3708189952;79733609806.2;"2018-02-08T00:00:00.000Z"
859.2880249023;859.2880249023;788.2219848633;814.6599731445;2486650112;79476512346.9;"2018-02-11T00:00:00.000Z"
844.2789916992;926.4290161133;844.2789916992;923.5609741211;2818370048;90157005929.3;"2018-02-14T00:00:00.000Z"
944.7479858398;976.5949707031;940.7540283203;974.1149902344;2525720064;95151956513.1;"2018-02-17T00:00:00.000Z"
943.5670166016;965.2650146484;892.9539794922;895.3709716797;2545260032;87514997546.3;"2018-02-20T00:00:00.000Z"
849.2620239258;875.9260253906;802.6680297852;812.8449707031;2150370048;79482140043.6;"2018-02-22T00:00:00.000Z"
839.458984375;853.1459960938;822.3809814453;844.8099975586;1646960000;82659602549;"2018-02-25T00:00:00.000Z"
877.9340209961;890.1079711914;855.1240234375;855.1989746094;1963980032;83728564148.6;"2018-02-28T00:00:00.000Z"
856.7109985352;868.4539794922;855.2069702148;857.2249755859;1699369984;83979651072.5;"2018-03-03T00:00:00.000Z"
853.8170166016;853.8170166016;809.9310302734;816.9509887695;1943069952;80083929890.6;"2018-03-06T00:00:00.000Z"
702.1970214844;729.1560058594;648.1069946289;728.916015625;2233019904;71498733754;"2018-03-09T00:00:00.000Z"
724.4060058594;742.5139770508;683.2680053711;699.8309936523;1764999936;68688764839.3;"2018-03-12T00:00:00.000Z"
614.8389892578;620.616027832;579.5050048828;611.3040161133;1770460032;60037233577.4;"2018-03-15T00:00:00.000Z"
551.6400146484;551.6400146484;460.0880126953;538.6439819336;2685499904;52934184182;"2018-03-18T00:00:00.000Z"
559.0999755859;589.6069946289;550.5720214844;561.7319946289;1781270016;55237391316;"2018-03-21T00:00:00.000Z"
542.5720214844;545.382019043;526.0800170898;526.4390258789;1300009984;51799123912;"2018-03-24T00:00:00.000Z"
489.5899963379;491.4590148926;449.9710083008;450.1159973145;1617939968;44316774117.9;"2018-03-27T00:00:00.000Z"
448.075012207;450.8129882813;385.8129882813;385.9679870605;1970230016;38016727208.9;"2018-03-29T00:00:00.000Z"
397.2539978027;400.5280151367;363.8049926758;379.6069946289;1256930048;37413407420.1;"2018-04-01T00:00:00.000Z"
416.4849853516;417.4719848633;375.3099975586;380.5429992676;1287730048;37528933631.2;"2018-04-04T00:00:00.000Z"
370.3800048828;393.0589904785;369.9360046387;385.3139953613;951475008;38023057370.7;"2018-04-07T00:00:00.000Z"
399.4110107422;415.8880004883;393.8789978027;414.2430114746;1196000000;40903130395.8;"2018-04-10T00:00:00.000Z"
493.1600036621;526.4699707031;482.658996582;492.7349853516;2419249920;48683660481.3;"2018-04-13T00:00:00.000Z"
532.0739746094;534.1970214844;500.25;511.1470031738;1758979968;50534185799.2;"2018-04-16T00:00:00.000Z"
524.0380249023;567.8889770508;523.2620239258;567.8889770508;2256869888;56178772001.3;"2018-04-19T00:00:00.000Z"
606.1190185547;640.7670288086;593.8690185547;621.8599853516;2426269952;61556034015.4;"2018-04-22T00:00:00.000Z"
707.0620117188;707.0620117188;600.2119750977;615.416015625;4216140032;60955966710.5;"2018-04-25T00:00:00.000Z"
644.6459960938;691.4420166016;644.6459960938;683.6779785156;2496659968;67759208003.9;"2018-04-28T00:00:00.000Z"
670.4630126953;674.4030151367;637.5399780273;673.6129760742;2678960128;66803233984.4;"2018-05-01T00:00:00.000Z"
776.7750244141;803.7459716797;762.632019043;785.6240234375;3533410048;77960306235.7;"2018-05-04T00:00:00.000Z"
816.0880126953;835.0570068359;764.8829956055;792.3109741211;3105570048;78656662788.1;"2018-05-06T00:00:00.000Z"
752.9019775391;759.5289916992;718.4719848633;752.2750244141;2877870080;74728439729.9;"2018-05-09T00:00:00.000Z"
679.8770141602;691.4110107422;644.0659790039;686.0479736328;2668480000;68192028457.7;"2018-05-12T00:00:00.000Z"
731.1430053711;739.0520019531;700.9949951172;708.8709716797;2523069952;70504110200.8;"2018-05-15T00:00:00.000Z"
672.1019897461;695.0310058594;663.8090209961;694.3670043945;2305740032;69104455848.8;"2018-05-18T00:00:00.000Z"
717.1929931641;719.2780151367;692.4940185547;699.2219848633;2005170048;69631032596.2;"2018-05-21T00:00:00.000Z"
584.5360107422;610.8179931641;557.2059936523;601.7550048828;2791099904;59962094302;"2018-05-24T00:00:00.000Z"
588.5200195313;590.3280029297;562.866027832;572.6680297852;1788790016;57099072056.3;"2018-05-27T00:00:00.000Z"
566.8300170898;583.1359863281;545.4310302734;559.5900268555;2053970048;55829809816.9;"2018-05-30T00:00:00.000Z"
580.4290161133;597.0770263672;577.3220214844;591.8079833984;1880390016;59080880116.9;"2018-06-02T00:00:00.000Z"
593.4060058594;611.3300170898;580.9819946289;609.3029785156;1844269952;60864980394.9;"2018-06-05T00:00:00.000Z"
605.4429931641;608.8109741211;595.5930175781;601.0770263672;1637779968;60080608858;"2018-06-08T00:00:00.000Z"
524.8569946289;536.8579711914;515.2689819336;533.283996582;1982119936;53337466294.1;"2018-06-11T00:00:00.000Z"
498.0180053711;501.9049987793;459.0039978027;477.4939880371;2080130048;47777150787;"2018-06-13T00:00:00.000Z"
490.4140014648;503.2229919434;488.8510131836;499.641998291;1314109952;50024018701.1;"2018-06-16T00:00:00.000Z"
519.0230102539;542.3530273438;516.3120117188;537.9569702148;1726569984;53893191559.4;"2018-06-19T00:00:00.000Z"
527.1939697266;527.1939697266;456.8770141602;465.816986084;2226030080;46694859627.8;"2018-06-22T00:00:00.000Z"
455.9360046387;470.3439941406;448.8959960938;460.3099975586;4007950080;46171165113.8;"2018-06-25T00:00:00.000Z"
442.2900085449;443.6180114746;419.683013916;422.3649902344;1360790016;42391125054.3;"2018-06-28T00:00:00.000Z"
455.2420043945;457.1390075684;446.3850097656;453.9179992676;1511730048;45585861718.1;"2018-07-01T00:00:00.000Z"
464.1510009766;481.4360046387;455.1849975586;467.3179931641;1549769984;46960391870.5;"2018-07-04T00:00:00.000Z"
474.0570068359;491.6600036621;466.8359985352;491.6600036621;1358360064;49436674024.9;"2018-07-07T00:00:00.000Z"
476.1619873047;478.3179931641;433.9599914551;434.4240112305;1789069952;43708241775.1;"2018-07-10T00:00:00.000Z"
430.7409973145;442.3630065918;430.7409973145;434.0270080566;1489670016;43694988768.9;"2018-07-13T00:00:00.000Z"
450.424987793;480.657989502;446.7980041504;480.657989502;1858680064;48419026521.3;"2018-07-16T00:00:00.000Z"
480.6279907227;483.2399902344;465.141998291;469.6189880371;2068739968;47335899963;"2018-07-19T00:00:00.000Z"
450.6789855957;468.0830078125;445.7760009766;462.4360046387;1504310016;46630720739;"2018-07-21T00:00:00.000Z"
451.1359863281;481.141998291;450.5650024414;479.3729858398;2287520000;48368209917.3;"2018-07-24T00:00:00.000Z"
464.0090026855;473.2219848633;458.2909851074;469.6659851074;1734259968;47417755376.4;"2018-07-27T00:00:00.000Z"
466.827;467.952;448.641;457.081;2141590000;46175217427;"2018-07-30T00:00:00.000Z"
420.806;425.034;410.309;412.621;1569300000;41709183608.4;"2018-08-02T00:00:00.000Z"
407.346;413.716;402.432;410.516;1396820000;41521715110.2;"2018-08-05T00:00:00.000Z"
379.892;380.671;353.734;356.613;2016080000;36091566801.1;"2018-08-08T00:00:00.000Z"
334.264;334.264;308.488;322.112;1790370000;32619681420.3;"2018-08-11T00:00:00.000Z"
286.365;286.365;254.65;278.932;2137850000;28263969131.7;"2018-08-14T00:00:00.000Z"
287.683;316.17;287.346;315.729;1995460000;32011921282.7;"2018-08-17T00:00:00.000Z"
301.381;304.372;273.511;274.315;1413790000;27829775230.8;"2018-08-20T00:00:00.000Z"
271.748;279.546;271.09;277.104;1271160000;28129662664.2;"2018-08-23T00:00:00.000Z"
279.525;279.525;272.444;275.197;1206650000;27953028997.1;"2018-08-26T00:00:00.000Z"
286.649;297.4;283.572;296.499;1513350000;30128902936.5;"2018-08-28T00:00:00.000Z"
284.12;284.551;278.513;283.004;1411910000;28774922508.3;"2018-08-31T00:00:00.000Z"
295.181;295.591;287.432;289.259;1394490000;29428616901.4;"2018-09-03T00:00:00.000Z"
231.648;231.755;218.123;230.215;2097310000;23435751842;"2018-09-06T00:00:00.000Z"
198.385;207.666;188.306;196.924;1585980000;20058708800;"2018-09-09T00:00:00.000Z"
185.423;185.587;170.257;183.331;1874850000;18685319378.4;"2018-09-12T00:00:00.000Z"
209.814;226.604;209.606;223.074;1670490000;22749647320.9;"2018-09-15T00:00:00.000Z"
197.095;213.357;195.934;209.975;1800640000;21426628308.9;"2018-09-18T00:00:00.000Z"
225.251;248.388;221.567;246.584;2836200000;25177561991.2;"2018-09-21T00:00:00.000Z"
244.844;245.108;227.49;228.73;1748740000;23368514474.6;"2018-09-24T00:00:00.000Z"
215.44;230.607;212.654;228.494;2030320000;23358464738.5;"2018-09-27T00:00:00.000Z"
231.329;236.986;228.445;232.848;1765560000;23817805502.1;"2018-09-30T00:00:00.000Z"
226.407;226.458;213.971;220.489;1683930000;22567089085.9;"2018-10-03T00:00:00.000Z"
222.267;228.319;220.957;227.601;1547330000;23304234601.1;"2018-10-05T00:00:00.000Z"
226.509;230.765;224.557;229.255;1470740000;23487672999.7;"2018-10-08T00:00:00.000Z"
225.61;225.61;189.283;189.499;2167620000;19426181717.3;"2018-10-11T00:00:00.000Z"
199.691;201.827;195.243;195.715;1169260000;20075397006.8;"2018-10-14T00:00:00.000Z"
210.217;211.125;205.928;207.083;1444130000;21254117735.7;"2018-10-17T00:00:00.000Z"
203.515;206.222;203.085;205.43;1238780000;21097037288.7;"2018-10-20T00:00:00.000Z"
204.016;205.151;201.911;204.336;1237490000;20997181867.2;"2018-10-23T00:00:00.000Z"
202.336;204.78;201.551;203.329;1161310000;20906130835.2;"2018-10-26T00:00:00.000Z"
205.174;205.597;195.734;197.247;1517230000;20292811277.7;"2018-10-29T00:00:00.000Z"
197.537;203.754;197.328;198.872;1336700000;20472105763.9;"2018-11-01T00:00:00.000Z"
200.158;211.272;198.986;207.486;1749300000;21371416840.4;"2018-11-04T00:00:00.000Z"
218.899;221.652;216.796;217.183;1927830000;22383497661.8305;"2018-11-07T00:00:00.000Z"
211.987;213.316;209.515;210.074;1554750000;21659329261.3419;"2018-11-09T00:00:00.000Z"
211.513;212.623;208.924;210.418;1452380000;21707637539.5254;"2018-11-12T00:00:00.000Z"
181.899;184.251;170.189;180.806;2638410000;18663659629.0191;"2018-11-15T00:00:00.000Z"
174.175;179.152;174.175;177.067;1810920000;18288411984.3956;"2018-11-18T00:00:00.000Z"
131.142;138.89;125.758;136.701;2685930000;14127420909.3746;"2018-11-21T00:00:00.000Z"
123.304;126.788;110.825;113.494;1800960000;11735901798.827;"2018-11-24T00:00:00.000Z"
107.913;111.842;102.452;110.01;2320010000;11382216772.81;"2018-11-27T00:00:00.000Z"
117.728096299;119.423767389;111.744962142;113.171421096;2020748395.52;11716096075.5861;"2018-11-30T00:00:00.000Z"
116.378758099;116.61906831;107.415653907;108.925017829;1772756192.75;11282911403.5501;"2018-12-03T00:00:00.000Z"
102.450592687;104.103496045;91.7610561566;91.7610561566;2310716932.45;9510417097.19255;"2018-12-06T00:00:00.000Z"
92.0354326922;98.9000301323;91.0312776727;95.1420594843;1875567179.89;9866414731.76198;"2018-12-09T00:00:00.000Z"
88.610703388;92.2405522778;88.2635593472;90.5933019065;1533050103.47;9400044026.00045;"2018-12-12T00:00:00.000Z"
84.279694394;85.3427425756;82.8298902883;84.4408095289;1496176898.3;8766638124.2495;"2018-12-15T00:00:00.000Z"
85.3821119977;96.8050539407;85.3821119977;95.1338271163;2101453023.8;9880456238.6125;"2018-12-17T00:00:00.000Z"
101.090438108;117.170126749;100.63995804;116.21687011;3063842618.2;12076674310.4854;"2018-12-20T00:00:00.000Z"
117.273897972;133.075301961;117.273897972;130.765259805;3579715060.8;13595887731.6921;"2018-12-23T00:00:00.000Z"
129.888822727;136.677248539;126.29290758;131.865627374;2720469126.47;13717858345.6728;"2018-12-26T00:00:00.000Z"
138.46878261;147.034330002;134.570180924;138.018334779;3169029972.2;14365797195.6268;"2018-12-29T00:00:00.000Z"
133.418144908;141.397504378;132.650705543;140.819413158;2258709868.32;14665318369.5793;"2019-01-01T00:00:00.000Z"
148.912894276;156.878975599;147.907099008;154.58194227;3126192535.1;16107068093.0135;"2019-01-04T00:00:00.000Z"
157.80948734;158.450431168;151.150719776;151.699213451;2712108387.91;15814868678.4056;"2019-01-07T00:00:00.000Z"
150.843510345;152.148274936;126.52937645;128.625185944;3397734455.64;13416263931.3845;"2019-01-10T00:00:00.000Z"
125.90722966;126.26787861;116.085966478;116.89780148;2268263943.76;12199288487.1023;"2019-01-13T00:00:00.000Z"
121.809242251;127.11825062;121.441416987;123.547061541;2746469339.75;12899812275.3187;"2019-01-16T00:00:00.000Z"
121.614427217;125.904226831;121.161034294;124.519021209;3048261797.09;13007954845.5818;"2019-01-19T00:00:00.000Z"
117.11075621;119.66434234;114.676679352;118.747550914;2552507404.73;12410972240.9689;"2019-01-22T00:00:00.000Z"
117.462784971;118.032106999;116.006798483;117.362886414;2520843419.62;12269992351.2449;"2019-01-24T00:00:00.000Z"
116.510314866;116.685408284;113.405291898;113.405291898;2775888287;11861671822.0094;"2019-01-27T00:00:00.000Z"
105.407204612;109.452982289;104.84379221;108.90753982;2874370354.59;11396282341.1625;"2019-01-30T00:00:00.000Z"
107.466413449;110.653877671;106.764019085;110.430261898;2385157837.71;11560765572.9744;"2019-02-02T00:00:00.000Z"
107.628166134;108.134787627;106.909894888;107.443520166;2515863998.87;11253035388.4001;"2019-02-05T00:00:00.000Z"
104.64504714;119.805812612;104.194436464;119.267748863;3656841346.52;12496945335.9863;"2019-02-08T00:00:00.000Z"
124.871533617;124.871533617;120.31174986;121.298395992;3222473887.41;12714795026.099;"2019-02-11T00:00:00.000Z"
122.416986985;124.451988643;121.334889287;121.390203726;3331701627.67;12729213674.5428;"2019-02-14T00:00:00.000Z"
123.182083354;134.460098625;123.09160992;133.59888295;4236081129.54;14014695489.541;"2019-02-17T00:00:00.000Z"
145.172723184;149.554343958;142.502126618;149.554343958;4500094964.92;15694462392.6945;"2019-02-20T00:00:00.000Z"
148.676621979;159.125870299;147.331060175;158.79542978;4519468458.35;16670632412.0171;"2019-02-23T00:00:00.000Z"
139.646094554;139.976439288;136.579610916;138.08968196;3791292838.93;14502464167.2811;"2019-02-26T00:00:00.000Z"
136.836239742;138.995272525;136.434789591;136.443622783;3756124823.75;14335957424.6309;"2019-03-01T00:00:00.000Z"
134.78612266;135.849285216;131.328863606;132.249417118;3454374052.6;13900679027.0155;"2019-03-03T00:00:00.000Z"
137.958743981;139.968818612;136.145922155;138.789354083;4589054218.52;14590867639.43;"2019-03-06T00:00:00.000Z"
134.887551913;139.119409871;134.677118919;137.965335551;5011918715.08;14509873018.1563;"2019-03-09T00:00:00.000Z"
134.012840654;135.273465954;130.94414973;134.442888733;4709987999.7;14144929391.8688;"2019-03-12T00:00:00.000Z"
133.567152422;138.395137565;133.567152422;137.691783786;4506861856.05;14492364550.8005;"2019-03-15T00:00:00.000Z"
140.104859119;142.267216974;138.841560382;139.374600609;4551739878.98;14675181093.7188;"2019-03-18T00:00:00.000Z"
140.47848688;141.003232324;135.855428692;136.636060704;5087247796.46;14392427839.4474;"2019-03-21T00:00:00.000Z"
138.315351714;138.375607693;136.313755574;136.986925231;4266845458.42;14434995336.8381;"2019-03-24T00:00:00.000Z"
135.454367401;141.075474613;135.341664155;140.988157542;5228240092.74;14862394450.5514;"2019-03-27T00:00:00.000Z"
142.359143736;149.613229156;141.031743756;142.092680619;5144662126.51;14984615423.234;"2019-03-30T00:00:00.000Z"
141.839521388;165.226827203;141.636455251;163.961741819;9826645698.15;17297572364.584;"2019-04-02T00:00:00.000Z"
158.020007672;167.220383976;157.443949117;165.514845948;7531316908.11;17468192986.1115;"2019-04-05T00:00:00.000Z"
174.449669098;184.377848837;174.160989445;180.258815391;9304964609.75;19031640376.2705;"2019-04-08T00:00:00.000Z"
176.067842046;183.13427354;175.230372034;177.337476528;7856924878.74;18728058766.8129;"2019-04-10T00:00:00.000Z"
164.622854706;166.362425577;163.011851264;164.513349875;4959301561.23;17380468168.9383;"2019-04-13T00:00:00.000Z"
161.526550135;167.666325715;160.888753899;167.623441183;5180105341.4;17715913572.0781;"2019-04-16T00:00:00.000Z"
173.787881523;173.978901964;170.620215358;173.708441176;6541053060.76;18366130179.5121;"2019-04-19T00:00:00.000Z"
170.017484048;173.069116345;168.729556071;171.874669558;6094878077.1;18179292262.6536;"2019-04-22T00:00:00.000Z"
165.914741225;166.513414699;153.846998343;154.459399951;6820332362.11;16343573972.6015;"2019-04-25T00:00:00.000Z"
158.499766659;159.565381071;157.125513534;157.29507397;5379894433.33;16650076836.9297;"2019-04-28T00:00:00.000Z"
162.186560067;164.0606879;159.660224302;160.818344256;5789172432.9;17029616915.1798;"2019-05-01T00:00:00.000Z"
167.887214645;170.645927759;161.79142846;164.026580539;6658100048.67;17376070197.628;"2019-05-04T00:00:00.000Z"
172.427274512;180.394408014;169.694712036;169.798657365;8411140169.71;17994460618.5493;"2019-05-07T00:00:00.000Z"
170.312978814;175.885268508;168.99141785;173.142739021;8036919052.86;18355936406.3344;"2019-05-10T00:00:00.000Z"
187.417924062;205.098262177;185.305909305;196.846276938;10367149038.86;20876934045.1233;"2019-05-13T00:00:00.000Z"
246.941949724;275.394433117;245.795286216;264.010023118;18661465872.83;28010958252.9023;"2019-05-16T00:00:00.000Z"
243.911300406;246.362770419;233.099846277;234.595229584;10933142646.38;24896520187.1655;"2019-05-18T00:00:00.000Z"
251.647840439;262.107533176;248.196304872;255.215875873;11545049593.48;27095257004.1212;"2019-05-21T00:00:00.000Z"
245.98708954;255.259330606;243.240097916;249.484984964;9929433205.98;26497014858.4764;"2019-05-24T00:00:00.000Z"
267.141883996;278.50725112;265.444697967;272.86264362;12074664735.62;28991071395.5429;"2019-05-27T00:00:00.000Z"
269.551887205;287.201638845;247.348602483;255.858948474;13604268584.36;27194892740.7185;"2019-05-30T00:00:00.000Z"
265.512718653;272.80722404;265.041884517;270.225527951;8744111713.27;28732949884.7457;"2019-06-02T00:00:00.000Z"
241.497038946;248.138131717;239.983459122;247.051016639;8548917061.98;26278874480.4874;"2019-06-05T00:00:00.000Z"
251.249319783;252.377389835;243.229106707;245.738091433;7225996863.2;26149221978.7501;"2019-06-08T00:00:00.000Z"
247.862122482;248.66257562;239.82534228;245.781827855;7382269700.39;26163906568.7401;"2019-06-11T00:00:00.000Z"
256.17965445;265.371384942;254.147424413;264.08745783;8676891266.98;28123338884.4728;"2019-06-14T00:00:00.000Z"
269.090588251;275.442558933;268.353783051;274.35111507;6009795781.12;29227567867.3796;"2019-06-17T00:00:00.000Z"
269.407865566;274.073530845;265.500447699;271.695017157;6408981097.05;28955655289.9731;"2019-06-20T00:00:00.000Z"
295.115068002;315.189720232;294.728230478;309.380305299;10613731254.57;32980338717.0479;"2019-06-22T00:00:00.000Z"
310.678630878;318.126310017;307.6431542;318.126310017;9641764965.19;33925712999.8582;"2019-06-25T00:00:00.000Z"
294.143042748;313.031556623;292.939821505;311.226103335;11514656819.55;33202586959.5675;"2019-06-28T00:00:00.000Z"
290.268491537;301.026159242;280.022842134;293.641117329;10292223947.84;31338571563.3304;"2019-07-01T00:00:00.000Z"
303.025091693;303.961160973;282.765732172;284.523211373;8403513105.73;30377082393.6103;"2019-07-04T00:00:00.000Z"
287.603611931;310.139320067;286.109200184;305.700559688;8119724980.55;32650611905.7219;"2019-07-07T00:00:00.000Z"
308.851274005;313.069444817;285.565783197;290.002318276;11679985166.52;30985827113.2954;"2019-07-10T00:00:00.000Z"
276.28911624;276.685236276;263.068267434;269.458810608;6716829429.13;28801816022.8443;"2019-07-13T00:00:00.000Z"
229.748659122;234.513836069;197.377894986;199.188675302;9036620493.51;21298941498.7518;"2019-07-16T00:00:00.000Z"
226.657696807;226.940481758;215.838243218;221.333421321;7606433130.73;23675884534.2591;"2019-07-19T00:00:00.000Z"
225.698652681;226.862576632;213.448377793;217.560020158;6338843918.85;23281138562.9913;"2019-07-22T00:00:00.000Z"
216.969117163;224.254197764;216.135148152;219.61799494;6731281160.3;23510336984.4543;"2019-07-25T00:00:00.000Z"
207.413777385;212.041834412;202.252898795;211.186552032;5504887933.63;22616386468.2393;"2019-07-28T00:00:00.000Z"
211.339197095;213.614075143;206.867612782;210.522603615;5489918858.84;22551013736.1935;"2019-07-30T00:00:00.000Z"
217.884463629;222.182571308;215.975823263;217.871561739;6159440229.49;23347127326.7587;"2019-08-02T00:00:00.000Z"
222.650882153;235.63528145;222.603887057;234.215027081;7765060287.49;25108076876.4348;"2019-08-05T00:00:00.000Z"
226.518473433;226.774713498;216.516243842;220.941859044;6713525643.81;23694202562.3418;"2019-08-08T00:00:00.000Z"
206.732241229;216.59865006;206.510806411;216.092871768;6440605604.67;23183002869.0522;"2019-08-11T00:00:00.000Z"
208.603990803;209.066435331;186.331920233;186.60774116;7444456153.89;20027397541.0164;"2019-08-14T00:00:00.000Z"
185.531660166;186.703146521;182.593890184;185.687679251;5512696512.56;19936235952.7187;"2019-08-17T00:00:00.000Z"
202.813142758;203.015987478;195.619541613;196.565408066;6408417609.56;21112106338.601;"2019-08-20T00:00:00.000Z"
191.106870651;195.906487438;189.562324256;194.706208556;6658162376.91;20920364878.5136;"2019-08-23T00:00:00.000Z"
186.73555531;193.442190135;186.73555531;188.929374951;7207986636.49;20307338402.9685;"2019-08-26T00:00:00.000Z"
173.958692454;173.996396867;167.170903951;169.516734455;7129569082.93;18227677830.668;"2019-08-29T00:00:00.000Z"
172.458407973;173.696854992;169.531274449;171.629420013;5554799575.86;18461846967.6036;"2019-09-01T00:00:00.000Z"
179.491989042;180.136600317;175.325360134;175.992884274;5938120493.68;18938360722.9922;"2019-09-04T00:00:00.000Z"
174.172218831;177.718705046;168.341342296;169.956174802;6797611877.93;18293376880.6347;"2019-09-06T00:00:00.000Z"
181.362484764;184.149466801;177.419350194;181.149467473;7232938985.22;19505534124.1163;"2019-09-09T00:00:00.000Z"
178.803768356;181.998565037;177.847316437;181.01609158;5838605476.61;19498542851.5573;"2019-09-12T00:00:00.000Z"
188.068433417;190.399341609;186.44732097;189.789129887;6222874780.04;20451239362.2781;"2019-09-15T00:00:00.000Z"
208.050603082;216.711495852;208.050603082;211.393034896;9194634557.49;22787891774.2794;"2019-09-18T00:00:00.000Z"
217.89737946;220.95830129;215.00017371;215.516209164;7743309777.59;23241121350.7197;"2019-09-21T00:00:00.000Z"
201.842085557;203.500544461;162.727787867;168.110736232;11757739233.12;18135747380.4531;"2019-09-24T00:00:00.000Z"
166.651699935;175.610783776;163.209498809;174.710992913;7909313624.78;18854855889.0488;"2019-09-27T00:00:00.000Z"
170.461352821;179.872201473;167.036605844;179.872201473;7552915148.35;19419149343.0273;"2019-09-30T00:00:00.000Z"
180.703709132;180.799202984;172.599876402;175.199341492;6381403724.76;18921747814.4379;"2019-10-03T00:00:00.000Z"
176.364384214;177.364545406;171.299780406;173.059144782;5852890673.67;18697637484.0571;"2019-10-06T00:00:00.000Z"
182.036297684;194.300496365;180.668441732;193.293257938;9088122101.43;20891536594.5492;"2019-10-09T00:00:00.000Z"
182.53403369;186.304888474;179.984837776;180.826640026;7494328840.33;19551368532.4125;"2019-10-12T00:00:00.000Z"
182.028471088;187.303617978;181.662271832;186.960906402;7276520699.17;20219637356.554;"2019-10-14T00:00:00.000Z"
175.906894241;178.899551464;174.565826716;178.028348281;6737237422.59;19260755682.183;"2019-10-17T00:00:00.000Z"
172.974754539;176.718681634;171.210717443;175.534373653;6801091120.45;18997957789.4207;"2019-10-20T00:00:00.000Z"
172.262803118;172.420583951;157.463417749;162.40278776;9624925919.33;17583244177.4492;"2019-10-23T00:00:00.000Z"
181.667064713;195.942508543;176.133801571;179.83547805;13831784985.96;19477741704.7434;"2019-10-26T00:00:00.000Z"
182.670386019;191.846761455;182.364369327;190.342582145;10622761957.61;20623205053.7217;"2019-10-29T00:00:00.000Z"
183.803690756;185.059713079;181.094492084;183.969902446;9145611130.24;19940014310.5249;"2019-11-01T00:00:00.000Z"
182.319031206;188.02293649;181.821602875;186.355190781;10551917945.36;20205859402.4272;"2019-11-04T00:00:00.000Z"
191.504306508;191.861093313;186.567003385;187.976543734;9081247798.75;20389037933.9408;"2019-11-07T00:00:00.000Z"
184.943355818;190.92061632;184.686781539;189.477274196;8752784211.21;20559121064.6157;"2019-11-10T00:00:00.000Z"
186.942441671;189.331878003;185.937949171;188.258745224;7343173595.62;20434064781.4449;"2019-11-13T00:00:00.000Z"
180.49910079;184.155272162;179.98567849;183.348359202;6789888119.76;19908020820.5157;"2019-11-16T00:00:00.000Z"
180.502463972;182.528003019;175.197117565;177.45554544;7536699743.07;19274876582.6635;"2019-11-19T00:00:00.000Z"
175.673600001;176.209206597;159.365129955;161.462725503;8546371324.81;17541867625.6188;"2019-11-21T00:00:00.000Z"
153.430526462;153.965918032;142.83470143;142.83470143;7782769097.96;15523459920.4853;"2019-11-24T00:00:00.000Z"
148.396817722;154.88720975;143.525608242;153.010552055;8778095307.56;16634910472.4683;"2019-11-27T00:00:00.000Z"
155.286408885;156.691292764;151.225342379;152.539691345;6565950867.58;16589132425.8639;"2019-11-30T00:00:00.000Z"
149.058248081;150.310425447;146.001671383;147.956415218;6204379850.29;16095928402.0656;"2019-12-03T00:00:00.000Z"
149.396488916;149.670523552;147.606520714;149.194447774;6458766440.82;16235876300.527;"2019-12-06T00:00:00.000Z"
151.224389965;151.913943664;147.621365814;148.225168781;6744206747.06;16135631419.6062;"2019-12-09T00:00:00.000Z"
143.615658161;145.751652253;141.436979748;145.604010549;7890383412.91;15855473988.2291;"2019-12-12T00:00:00.000Z"
142.864988576;143.925351226;139.42695086;143.114989792;7235153410.53;15589117504.1594;"2019-12-15T00:00:00.000Z"
122.656835836;133.394160052;119.780058221;133.092194403;11864518320.54;14501554619.9584;"2019-12-18T00:00:00.000Z"
129.095966121;129.147662646;127.612089859;128.13094934;7449064703.41;13964992761.0441;"2019-12-21T00:00:00.000Z"
128.62925282;131.67229236;127.308771934;129.0638929;7961819689.05;14070696527.9187;"2019-12-24T00:00:00.000Z"
126.486325728;130.898351138;125.406443018;126.361222911;8600871979.92;13778664460.1475;"2019-12-26T00:00:00.000Z"
128.266871385;136.81119671;127.997655519;134.757985408;9708776785.73;14698483422.0906;"2019-12-29T00:00:00.000Z"
129.630655703;132.835356857;129.19828458;130.802008077;7935230330.48;14271059633.0755;"2020-01-01T00:00:00.000Z"
134.168523193;136.052714158;133.040551066;135.069371268;7430904515.09;14741946278.126;"2020-01-04T00:00:00.000Z"
144.311990223;145.001774824;140.4888772;143.543998337;9257954671.54;15672773110.1732;"2020-01-07T00:00:00.000Z"
138.967043356;144.167321507;135.5203966;143.963781218;9084816202.77;15724494552.6748;"2020-01-10T00:00:00.000Z"
146.220132646;146.791233735;142.907137969;144.226591141;8378529469.8;15759102081.3277;"2020-01-13T00:00:00.000Z"
166.332830879;167.058148664;159.709646034;164.391010988;13735193017.91;17969103320.7762;"2020-01-16T00:00:00.000Z"
175.467596812;177.247628512;163.676859896;166.969841975;13713374132.18;18257853531.6232;"2020-01-19T00:00:00.000Z"
169.608539246;171.008695889;166.774231806;168.294161709;9209827927.92;18409534609.4783;"2020-01-22T00:00:00.000Z"
163.067289351;163.22722698;158.632477426;161.283936353;8256956801.64;17649296255.9479;"2020-01-25T00:00:00.000Z"
170.88486291;176.370320541;170.738064574;176.370320541;11772875063.66;19307396128.3943;"2020-01-28T00:00:00.000Z"
184.736902227;185.405842386;176.29681703;180.160175239;11728616393.89;19729633077.607;"2020-01-31T00:00:00.000Z"
183.53250583;193.080396944;180.173943963;188.617538168;14054425388.91;20660936266.9287;"2020-02-02T00:00:00.000Z"
189.299101593;206.804001224;188.752688155;204.230244698;14865434434.93;22379510312.3186;"2020-02-05T00:00:00.000Z"
222.510965248;226.588093396;215.386290214;223.146521744;16741203125.07;24461492838.843;"2020-02-08T00:00:00.000Z"
223.38493801;236.547127792;218.61761447;235.851199501;16964695963.49;25863852652.7983;"2020-02-11T00:00:00.000Z"
268.023276951;285.056420339;262.762512307;284.217509609;23558253462.75;31179427622.664;"2020-02-14T00:00:00.000Z"
259.890552078;266.871240875;244.335323068;266.363446303;26024080088.85;29231690264.404;"2020-02-17T00:00:00.000Z"
259.819864343;263.695400951;250.951261799;257.949455024;23229828870.12;28318879771.1218;"2020-02-20T00:00:00.000Z"
262.278398469;273.754156046;261.960509305;273.754156046;19585998813.87;30065188433.327;"2020-02-23T00:00:00.000Z"
247.740203914;249.649704471;221.26655528;225.680265514;26235617201.08;24794645345.3129;"2020-02-26T00:00:00.000Z"
226.83344436;232.256629075;219.84851255;219.84851255;18181296376.35;24162913195.453;"2020-02-29T00:00:00.000Z"
230.523964194;232.325807587;221.732660902;224.479622332;19853178572.35;24681090482.5459;"2020-03-03T00:00:00.000Z"
229.168427287;243.554974181;228.743582094;243.525299741;19374772256.23;26785082138.7094;"2020-03-06T00:00:00.000Z"
201.318494784;207.451400445;192.269899128;201.986327111;23645428606.11;22224520905.918;"2020-03-09T00:00:00.000Z"
200.768029684;202.954304117;184.362157522;194.868528471;16984790291.26;21446678546.1607;"2020-03-11T00:00:00.000Z"
133.582473071;134.48437219;122.414475368;123.306024593;12740784545.45;13575727274.8179;"2020-03-14T00:00:00.000Z"
110.406784983;118.988285212;110.406784983;113.942750228;12087490572.29;12549513954.4941;"2020-03-17T00:00:00.000Z"
136.649279112;150.853809638;122.605660253;132.737170068;18960388062.17;14624949756.7366;"2020-03-20T00:00:00.000Z"
123.365981102;134.911612009;121.867883775;134.911612009;14149877968.15;14870079034.5566;"2020-03-23T00:00:00.000Z"
136.190680372;138.830572735;134.886035886;138.361557339;11367261176.01;15255985585.5517;"2020-03-26T00:00:00.000Z"
131.015337153;131.174080408;125.450053646;125.583730441;9938133668.53;13852241607.2783;"2020-03-29T00:00:00.000Z"
133.612324512;135.634552336;129.730944345;135.634552336;12456564434.67;14966424710.3319;"2020-04-01T00:00:00.000Z"
142.215184398;145.377306567;140.121829255;145.219384622;11946658256.7;16029973618.0818;"2020-04-04T00:00:00.000Z"
169.147453326;175.204131815;164.20331987;165.101942525;21659346091.32;18231455421.9281;"2020-04-07T00:00:00.000Z"
170.829264498;170.949774109;154.914474452;158.412448608;17980944615.71;17499250378.1532;"2020-04-10T00:00:00.000Z"
160.720665735;160.749700846;151.614491183;156.279549094;16465282132.79;17270031992.1863;"2020-04-13T00:00:00.000Z"
153.200417561;173.157275575;150.359424649;172.157382821;22910469235.6;19031693317.2915;"2020-04-16T00:00:00.000Z"
171.618074875;187.940473093;171.618074875;186.914005844;20160323443;20668075856.6276;"2020-04-18T00:00:00.000Z"
172.017710093;175.17845978;170.552841658;172.737700531;16458767984.09;19107591181.7675;"2020-04-21T00:00:00.000Z"
185.222103347;190.210388159;185.222103347;189.236941873;16788555028.05;20940434736.6902;"2020-04-24T00:00:00.000Z"
197.475716201;199.552798089;193.454161044;197.2247212;18670194594.83;21832392036.1099;"2020-04-27T00:00:00.000Z"
216.909133825;227.529689912;206.436924411;207.602055895;28089191904;22989647064.8035;"2020-04-30T00:00:00.000Z"
215.352072089;219.270867579;208.692373475;210.93315693;20469034664.13;23367177866.6255;"2020-05-03T00:00:00.000Z"
206.481357853;211.534622578;204.040878521;204.055782253;20343543799.04;22613632877.0933;"2020-05-06T00:00:00.000Z"
213.142172406;214.739125935;209.071520041;211.600123566;18950547549.21;23458353557.9526;"2020-05-09T00:00:00.000Z"
185.877340106;191.60134408;185.701797601;189.312502269;15899726283.76;20995260628.8043;"2020-05-12T00:00:00.000Z"
202.955396986;203.566393272;193.75567763;195.622658341;16602342092.13;21703086884.9707;"2020-05-15T00:00:00.000Z"
207.179785914;215.908468738;207.109063807;214.525055208;17411566927.5;23808928396.2325;"2020-05-18T00:00:00.000Z"
210.12915146;211.625181218;193.346429346;199.883605552;13308321228.85;22192109649.8768;"2020-05-21T00:00:00.000Z"
208.716063355;210.595083828;202.370350969;202.370350969;11833299571.97;22476471749.8903;"2020-05-24T00:00:00.000Z"
205.259562478;205.75254632;200.26427483;201.902309998;10159741290.35;22429962991.4266;"2020-05-26T00:00:00.000Z"
219.925055212;224.216876901;218.238049131;220.675124275;12265816557.43;24524484269.4994;"2020-05-29T00:00:00.000Z"
230.860252561;248.236274869;230.488045872;246.991760327;13951727936.45;27459257209.3334;"2020-06-01T00:00:00.000Z"
244.10528023;245.928972375;236.765302945;244.426387575;10170414303.53;27184018611.4984;"2020-06-04T00:00:00.000Z"
241.90807498;245.435253962;236.325258653;245.167259144;9544883157.42;27276459502.3961;"2020-06-07T00:00:00.000Z"
244.822073866;248.651155311;242.819746702;247.444943732;8792990205.55;27539945413.3418;"2020-06-10T00:00:00.000Z"
237.544621049;239.193096518;235.889680148;238.908842797;7141624979.75;26599679550.2949;"2020-06-13T00:00:00.000Z"
229.762304793;236.394304557;228.42614419;234.416174104;7965648016.42;26109047391.7202;"2020-06-16T00:00:00.000Z"
231.954971097;232.154108026;226.795185699;227.138289785;6946372589.53;25307718819.0129;"2020-06-19T00:00:00.000Z"
229.003374761;243.776019799;228.934740044;242.53319314;9079586552.42;27032930743.0122;"2020-06-22T00:00:00.000Z"
235.702845657;236.053405848;230.296595306;232.944486695;7010426122.5;25973707946.1754;"2020-06-25T00:00:00.000Z"
222.914486366;228.598289382;219.472677862;225.347168434;6205925718.19;25135786985.5184;"2020-06-28T00:00:00.000Z"
226.134585409;232.756119421;224.835737857;231.113421712;6463737442.75;25788404349.8574;"2020-07-01T00:00:00.000Z"
229.318955364;229.629320567;224.913965302;225.387063259;5109032700.31;25155571599.652;"2020-07-03T00:00:00.000Z"
227.685011543;242.132713292;227.029522771;241.510225122;8782917552.85;26964937043.2266;"2020-07-06T00:00:00.000Z"
246.748290882;247.291668553;239.898645911;243.015967829;8429099198.82;27143016879.0994;"2020-07-09T00:00:00.000Z"
239.459633832;243.311135946;237.770210731;242.131695235;6596394717.64;27054158345.9268;"2020-07-12T00:00:00.000Z"
240.143642313;241.402696471;237.09617132;238.423526948;6189328448.08;26649577378.4206;"2020-07-15T00:00:00.000Z"
232.855677949;236.543977437;232.324884475;235.483805219;5397402116.74;26330601163.8005;"2020-07-18T00:00:00.000Z"
236.302509731;246.186263512;235.680969089;245.01672849;6806696014.68;27406496758.4107;"2020-07-21T00:00:00.000Z"
279.026364075;306.740999501;279.026364075;304.056761197;10785021812.57;34027002730.2282;"2020-07-25T00:00:00.000Z"
321.829751647;325.905965506;307.721358662;316.657252341;12357108064.57;35450097600.2147;"2020-07-28T00:00:00.000Z"
334.633743039;348.611372268;329.340936911;345.554649307;12030600491.53;38699278448.6592;"2020-07-31T00:00:00.000Z"
371.133859143;396.506991634;369.336333481;386.295173437;12834648062.11;43277729882.103;"2020-08-03T00:00:00.000Z"
401.583866599;403.48866662;392.600185436;394.961957147;11304626458.11;44264836294.3033;"2020-08-06T00:00:00.000Z"
379.551583661;393.987376065;377.349718813;393.987376065;9342060531.02;44166324645.9802;"2020-08-08T00:00:00.000Z"
395.894723854;398.478900957;370.860617818;380.384068285;12792218736.97;42656945169.3968;"2020-08-11T00:00:00.000Z"
428.677267946;444.577754687;423.345861547;437.397839521;15064589987.09;49068474083.0404;"2020-08-14T00:00:00.000Z"
433.973761033;442.734973852;422.647281056;429.531252334;13227089409.92;48203426750.7282;"2020-08-17T00:00:00.000Z"
406.758913626;418.734448517;404.026103834;416.439794883;10043032427.16;46751356941.1;"2020-08-20T00:00:00.000Z"
395.562839161;396.490417399;385.039808917;391.384499842;8137303969.58;43954518396.1863;"2020-08-23T00:00:00.000Z"
383.977436834;391.873264036;378.705854974;386.466124211;9967343483.08;43417926668.4177;"2020-08-26T00:00:00.000Z"
395.687586586;405.616355393;393.037423129;399.921471038;8777703480.5;44945899479.8523;"2020-08-29T00:00:00.000Z"
434.874437724;487.211889983;432.079179027;477.051924154;18862763755.96;53633933560.1349;"2020-09-01T00:00:00.000Z"
384.671630472;402.411751082;371.636695541;388.241140415;16747106257.37;43665020996.3354;"2020-09-04T00:00:00.000Z"
353.450244604;358.211896204;326.254370324;352.673494754;21763614731.58;39679199319.9028;"2020-09-07T00:00:00.000Z"
351.42932317;377.393573135;351.111749802;368.101907072;31421134556.34;41430053162.3925;"2020-09-10T00:00:00.000Z"
387.519295759;388.959797641;354.340174183;365.570005047;15005899191.1;41160025962.3255;"2020-09-13T00:00:00.000Z"
377.154029026;381.508292952;363.606803421;364.83921823;16140584321.19;41087642852.7861;"2020-09-15T00:00:00.000Z"
389.33749501;391.90413319;376.964986793;384.364541978;14108357740.49;43302193327.1808;"2020-09-18T00:00:00.000Z"
371.400157647;375.737030935;336.068960729;341.78607406;17398267133.3;38519366614.9833;"2020-09-21T00:00:00.000Z"
320.98503098;351.46148325;318.54509133;349.35558514;15714304469.55;39384347821.51636;"2020-09-24T00:00:00.000Z"
354.95990364;361.98439917;349.8340809;357.43849724;13598126926.22;40309981003.8054;"2020-09-27T00:00:00.000Z"
360.03851516;361.17877475;353.32794307;359.93787376;11818610609.91;40606130497.96264;"2020-09-30T00:00:00.000Z"
346.21862615;351.30770267;344.66657351;346.52208572;10060167888.73;39106512853.707;"2020-10-03T00:00:00.000Z"
353.9564786;354.98901089;338.00330599;340.81584538;12830796111.97;38476195645.38716;"2020-10-06T00:00:00.000Z"
351.11287601;368.31034262;348.20584341;365.59047723;13043501762.91;41287658659.50327;"2020-10-09T00:00:00.000Z"
374.79874473;395.12214851;366.64234153;387.7312655;15867455423.69;43805601681.190834;"2020-10-12T00:00:00.000Z"
379.19222482;381.20878558;371.35411896;377.44184574;14964182545.5;42659015495.38777;"2020-10-15T00:00:00.000Z"
368.727532;378.59764251;368.12915441;378.21369795;11047103109.42;42761561163.7144;"2020-10-18T00:00:00.000Z"
369.05943203;400.62725335;368.72795616;392.18996695;20241324322.32;44354670581.87589;"2020-10-21T00:00:00.000Z"
414.05132696;418.95993444;403.08202999;409.76669164;14256222051.85;46356841439.75874;"2020-10-23T00:00:00.000Z"
406.21798565;411.2798721;383.78290059;393.88831313;15155684229.2;44576504573.78982;"2020-10-26T00:00:00.000Z"
388.65106757;393.22768234;381.28874857;386.7301135;12920477749.4;43782246356.04649;"2020-10-29T00:00:00.000Z"
386.5903379;397.11613412;385.16551356;396.35818693;10475146018.4;44888307221.40616;"2020-11-01T00:00:00.000Z"
387.60321316;407.66566108;377.82761204;402.14199843;15126077675.48;45559668259.44851;"2020-11-04T00:00:00.000Z"
454.72255187;465.67547017;428.45635273;435.71313513;18873289788.27;49380744877.99334;"2020-11-07T00:00:00.000Z"
444.1663887;453.75837001;439.60013092;449.67962112;12090381666.3;50981825541.89314;"2020-11-10T00:00:00.000Z"
461.00549147;475.21725299;457.29825652;474.62642092;13191505724.74;53829432990.090485;"2020-11-13T00:00:00.000Z"
447.55898086;463.83103894;445.50163163;459.94031258;11441239444.33;52182517296.90649;"2020-11-16T00:00:00.000Z"
479.48102101;480.12172263;465.70424953;471.63041968;12473929217.9;53528035617.425156;"2020-11-19T00:00:00.000Z"
549.4866253;579.37247598;514.51718809;558.06809523;21967049601.05;63361036975.498276;"2020-11-22T00:00:00.000Z"
603.90206056;605.09416818;559.67138671;570.68661621;20088492892.58;64816875592.54139;"2020-11-25T00:00:00.000Z"
517.5973661;548.04486042;508.12536163;538.22980058;14770243833.19;61152393529.21103;"2020-11-28T00:00:00.000Z"
575.75708438;615.24053897;571.53775295;614.84252202;20276867832.97;69873714778.47928;"2020-11-30T00:00:00.000Z"
598.45920279;622.45267042;588.34637382;616.70875486;16146190946.43;70110808537.54408;"2020-12-03T00:00:00.000Z"
596.5686842;606.79192258;584.41171408;601.90899244;11290893016.09;68452719868.01412;"2020-12-06T00:00:00.000Z"
554.7929235;577.28841046;532.99842827;573.47911163;15855915839.91;65242758700.21787;"2020-12-09T00:00:00.000Z"
545.57856237;573.33944367;545.24559945;568.56731778;8534557897.35;64706942225.99528;"2020-12-12T00:00:00.000Z"
586.02178289;596.24772777;580.62877239;589.35560245;9326645839.95;67096668321.69698;"2020-12-15T00:00:00.000Z"
642.91702204;662.69911928;632.35607476;654.81192689;15756303982.87;74575304994.55286;"2020-12-18T00:00:00.000Z"
638.31518077;646.84656496;600.8360442;609.81787165;14419493620.66;69475834114.53963;"2020-12-21T00:00:00.000Z"
584.13564707;613.81516598;568.59637875;611.60718693;14317413702.73;69704465559.66194;"2020-12-24T00:00:00.000Z"
635.88715839;711.39355522;628.33495138;682.6423591;26093552820.75;77828069141.04636;"2020-12-27T00:00:00.000Z"
731.47284482;754.30323417;720.98887482;751.61897194;17294574209.51;85722581848.92598;"2020-12-30T00:00:00.000Z"
730.40267329;786.79845753;718.10951748;774.53496804;19740771179.24;88367612520.27962;"2021-01-02T00:00:00.000Z"
1041.49883123;1129.37148825;986.81128264;1100.00609944;41535932781.27;125545618320.15997;"2021-01-05T00:00:00.000Z"
1208.07832547;1282.57959132;1167.4431507;1225.67813488;40468027279.67;139921813991.6793;"2021-01-07T00:00:00.000Z"
1280.87104275;1347.92612492;1194.71559903;1262.24666381;40616938052.61;144147690008.65298;"2021-01-10T00:00:00.000Z"
1043.74096462;1134.3384897;994.54904335;1130.73940242;30109792795.21;129175741557.3657;"2021-01-13T00:00:00.000Z"
1171.44306049;1290.0535966;1157.62382501;1233.53756838;32319240157.31;140969419371.64862;"2021-01-16T00:00:00.000Z"
1257.43454274;1432.30004202;1254.52299253;1377.29584154;47195935190.08;157454089944.8793;"2021-01-19T00:00:00.000Z"
1118.88906201;1271.68757004;1046.59657946;1236.51220729;43918338506.41;141409699225.45984;"2021-01-22T00:00:00.000Z"
1390.63987263;1467.78494205;1304.97404441;1324.414778;43565777745.19;151516304275.35352;"2021-01-25T00:00:00.000Z"
1251.27984357;1356.28872771;1226.17394719;1332.49224455;34637234789.36;152494242714.12;"2021-01-28T00:00:00.000Z"
1376.82361688;1378.9160735;1288.50155974;1314.9862286;25198853580.84;150543956657.31;"2021-01-31T00:00:00.000Z"
1514.76962317;1660.909542;1510.01027358;1660.909542;41874566399.41;190213812447.49;"2021-02-03T00:00:00.000Z"
1717.79754616;1738.31443822;1649.06872914;1677.84684697;39873420647.74;192221649234.01;"2021-02-06T00:00:00.000Z"
1746.92613167;1815.96356989;1711.62055635;1768.03501655;44180727528.56;202625894958.75;"2021-02-09T00:00:00.000Z"
1783.48917053;1861.35691381;1744.16899818;1843.53258814;37905036865.18;211353402277.61;"2021-02-12T00:00:00.000Z"
1814.37231313;1848.15405872;1789.91420653;1805.08404652;31439114899.57;206994111569.56;"2021-02-14T00:00:00.000Z"
1781.35009235;1853.66754295;1736.70582293;1848.4582725;35955412703.36;212042961268.08;"2021-02-17T00:00:00.000Z"
1959.90297711;2036.28649332;1830.53153486;1919.5340028;34696091102.23;220274162486.18;"2021-02-20T00:00:00.000Z"
1781.40901762;1781.40901762;1378.84090738;1570.20392529;52029864712.8;180251030148.47;"2021-02-23T00:00:00.000Z"
1478.6532703;1559.02889087;1407.97925331;1446.0336503;31435997880.72;166055498546.28;"2021-02-26T00:00:00.000Z"
1417.15114276;1567.69455635;1416.41618462;1564.70764686;24032838645.35;179746905786;"2021-03-01T00:00:00.000Z"
1574.62376021;1622.95385381;1511.10343348;1541.91428551;22906118717.5;177191062441.39;"2021-03-04T00:00:00.000Z"
1655.39239562;1730.92418047;1636.56443591;1723.15379607;23809935410.13;198088541069.55;"2021-03-07T00:00:00.000Z"
1868.48899152;1873.80326208;1766.49047284;1799.16622355;25154173185.07;206899711010.48;"2021-03-10T00:00:00.000Z"
1772.1663917;1937.6455334;1733.63989887;1924.68543997;25014689475.38;221411849362.86;"2021-03-13T00:00:00.000Z"
1792.41376142;1817.0601581;1720.0532081;1806.9717631;23828509589.87;207943962561.62;"2021-03-16T00:00:00.000Z"
1782.56866796;1841.19607365;1746.47335489;1817.62409241;21249297710.05;209243467429.34;"2021-03-19T00:00:00.000Z"
1812.60653625;1823.35304951;1764.13924637;1788.21700883;22977404620.4;205906557856.47;"2021-03-21T00:00:00.000Z"
1678.00253892;1740.42819996;1570.78800082;1593.4134567;31228051472.9;183540070276.94;"2021-03-24T00:00:00.000Z"
1703.03611007;1732.82436887;1674.31936833;1716.49461243;18102277710.2;197787142643.22;"2021-03-27T00:00:00.000Z"
1819.46630935;1860.97472999;1793.92233066;1846.03369779;22512781703.33;212788788570.88;"2021-03-30T00:00:00.000Z"
1976.93277834;2152.45194993;1960.67875532;2143.22563228;34862511022.26;247132282843.96;"2021-04-02T00:00:00.000Z"
2093.26068664;2140.98525111;2032.38766481;2107.88709669;28889391170.41;243143128759.79;"2021-04-05T00:00:00.000Z"
1969.13320855;2091.51639226;1959.07947518;2088.57365088;25312956528.95;241000078757.85;"2021-04-08T00:00:00.000Z"
2136.15698332;2165.19150015;2119.8656727;2157.65703708;19692836132.1;249059103191.91;"2021-04-11T00:00:00.000Z"
2299.34785556;2449.68761012;2284.56378;2435.10501889;35592822986.38;281183637540.49;"2021-04-14T00:00:00.000Z"
2429.98093154;2497.38517196;2333.68280804;2344.89498097;32349808977.72;270861474696.88;"2021-04-17T00:00:00.000Z"
2161.93946062;2345.83504061;2060.14379518;2330.21093719;39433483315.46;269259968844.18;"2021-04-20T00:00:00.000Z"
2401.25624597;2439.53706204;2117.03966283;2363.58620073;55413933925;273212191168.81;"2021-04-23T00:00:00.000Z"
2319.47808865;2536.33740237;2308.31516463;2534.4817987;35208325408.13;293069092285.99;"2021-04-26T00:00:00.000Z"
2664.68556452;2757.47734784;2564.08145904;2746.38005291;34269031076.26;317645696234.41;"2021-04-28T00:00:00.000Z"
2772.83830288;2951.44095688;2755.90842999;2945.89270802;28726205271.99;340840444354.06;"2021-05-01T00:00:00.000Z"
3431.13167849;3523.58582135;3180.74266288;3253.62947001;62402045157.94;376577399573.76;"2021-05-04T00:00:00.000Z"
3490.10521331;3573.29;3370.26206077;3484.72889546;39607240514.89;403465702897.42;"2021-05-07T00:00:00.000Z"
3924.41325439;4197.47327657;3684.45161614;3952.29387234;62691789006.63;457761219806.87;"2021-05-10T00:00:00.000Z"
3828.91836092;4032.5635388;3549.40719401;3715.14846639;78398214538.75;430445282301.28;"2021-05-13T00:00:00.000Z"
3641.83069793;3878.89597502;3350.95158829;3587.50620646;47359478733.83;415801534961.9;"2021-05-16T00:00:00.000Z"
3382.65714987;3437.93578796;1952.46023203;2460.67920048;84482912776.49;285298709244.81;"2021-05-19T00:00:00.000Z"
2436.01456723;2483.98311416;2168.12431696;2295.70565666;42089937660.13;266263966983.58;"2021-05-22T00:00:00.000Z"
2649.03321812;2750.53497919;2394.35556015;2706.62898111;49558333255.67;314033309034.22;"2021-05-25T00:00:00.000Z"
2742.46898406;2761.36336634;2336.36123343;2419.90629016;39999114804.5;280864129342.71;"2021-05-28T00:00:00.000Z"
2387.19847424;2715.85501639;2279.50522543;2714.94534372;31007383150.37;315217277482.81;"2021-05-31T00:00:00.000Z"
2708.37614098;2891.254971;2667.68422137;2855.12653096;30038207401.87;331608133101.08;"2021-06-03T00:00:00.000Z"
2691.61950569;2817.48490411;2558.23370309;2630.57680077;30496672724.27;305598725248.73;"2021-06-05T00:00:00.000Z"
2594.60234984;2620.8462685;2315.5465788;2517.43862412;41909736777.66;292557075207.19;"2021-06-08T00:00:00.000Z"
2472.85883593;2495.41470549;2326.86958552;2353.76868661;24832564195.39;273631367134.69;"2021-06-11T00:00:00.000Z"
2508.77046164;2606.43292939;2469.38814386;2537.8911584;26964576331.1;295112636977.77;"2021-06-14T00:00:00.000Z"
2367.3065181;2457.17548975;2312.30147692;2372.00202359;21871633186.2;275942664676.82;"2021-06-17T00:00:00.000Z"
2171.33797181;2275.38275356;2049.96255307;2246.36453295;22535930423.06;261416943133.97;"2021-06-20T00:00:00.000Z"
1878.62503409;2043.53044333;1827.57148248;1989.73627073;28408659206.49;231625292666.93;"2021-06-23T00:00:00.000Z"
1810.88425347;1850.17977935;1719.55946366;1829.23921725;20637542360.58;213021180909.06;"2021-06-26T00:00:00.000Z"
2083.44871649;2242.23885931;2076.24016067;2160.76835244;24815124419.32;251715870101.04;"2021-06-29T00:00:00.000Z"
2109.89267696;2155.59649592;2021.82480782;2150.04036404;31796212553.95;250552745326.39;"2021-07-02T00:00:00.000Z"
2321.92283563;2321.92283563;2163.04139391;2198.58246387;20103794829.49;256297846064.35;"2021-07-05T00:00:00.000Z"
2317.94916462;2324.00692952;2089.41422712;2120.02634294;23188123688.61;247225603541.86;"2021-07-08T00:00:00.000Z"
2110.87575727;2172.65339114;2083.8036629;2139.66474161;14705386137.51;249601597225.15;"2021-07-11T00:00:00.000Z"
2034.09837415;2040.6936491;1922.57787009;1940.08396596;16621628658.11;226371110382.25;"2021-07-13T00:00:00.000Z"
1916.59839927;1959.69632466;1853.59029665;1880.38298492;14884569146.97;219480196483.44;"2021-07-16T00:00:00.000Z"
1893.05362407;1916.11804642;1807.90987918;1817.29665658;14157735481.02;212189036786.93;"2021-07-19T00:00:00.000Z"
1994.82283397;2044.11650768;1954.29788114;2025.20278418;17495480331.39;236545322692.78;"2021-07-22T00:00:00.000Z"
2187.14542242;2194.43819616;2108.82985924;2191.37373048;14566483636.23;256042010286.39;"2021-07-25T00:00:00.000Z"
2302.0813122;2341.77775771;2250.91394356;2296.54549893;18991302378.06;268421055913.65;"2021-07-28T00:00:00.000Z"
2461.57571887;2551.16108426;2423.8160568;2536.21003475;18001710282.76;296532997873.12;"2021-07-31T00:00:00.000Z"
2609.41297501;2630.314227;2449.35353558;2502.3495771;22696753413.21;292673137937;"2021-08-03T00:00:00.000Z"
2827.50348587;2944.90335247;2727.79266115;2890.9417282;26528577879.24;338237757599.68;"2021-08-06T00:00:00.000Z"
3012.88571067;3185.70118746;2900.92591696;3167.85622304;31983260935.98;370765447257.17;"2021-08-09T00:00:00.000Z"
3164.17580762;3236.31471288;2984.16708586;3043.41434022;25403699845.38;356323695445.66;"2021-08-12T00:00:00.000Z"
3266.27605214;3320.0841259;3117.79164698;3310.50417134;22166205051.3;387728432649.61;"2021-08-15T00:00:00.000Z"
3011.96372132;3124.97605596;2959.0284301;3020.08992003;21539248425.07;353837223420.22;"2021-08-18T00:00:00.000Z"
3182.1625608;3298.24662256;3178.10371046;3286.93532606;20885619827.66;385190199131.35;"2021-08-20T00:00:00.000Z"
3241.3575434;3373.38425973;3235.85131662;3319.25727377;20511110509.2;389112198984.67;"2021-08-23T00:00:00.000Z"
3228.74732659;3249.65528103;3060.22869554;3100.32543567;17405668116.68;363573005236.06;"2021-08-26T00:00:00.000Z"
3246.7710669;3283.23553676;3158.84027917;3227.00277414;13296586731.39;378558550046.26;"2021-08-29T00:00:00.000Z"
3430.76234307;3836.86739388;3387.40856785;3834.82800549;30070890103.59;450017458312.04;"2021-09-01T00:00:00.000Z"
3937.91022551;3969.44873935;3837.93105389;3887.82849032;20806963328.18;456394981337.27;"2021-09-04T00:00:00.000Z"
3926.52752333;3945.31409391;3062.22240633;3426.39431843;39131346397.29;402365928842.67;"2021-09-07T00:00:00.000Z"
3425.56499941;3512.5711705;3157.05900856;3211.50584011;22355974097.28;377261165406.28;"2021-09-10T00:00:00.000Z"
3407.47198321;3426.50230852;3121.5140682683;3285.5117662639;22721552948.27;386087569776.34;"2021-09-13T00:00:00.000Z"
3613.0736241281;3673.3108990605;3489.8057446123;3571.2949350055;20093903064.17;419815044703.82;"2021-09-16T00:00:00.000Z"
3433.2879588414;3448.3221048028;3286.1724253143;3329.4478948984;14257609743.18;391520172702.2;"2021-09-19T00:00:00.000Z"
2763.2091930815;3089.0829435747;2741.4405583893;3077.8679805271;23742102644.95;362060838608.72;"2021-09-22T00:00:00.000Z"
3154.562121277;3159.6439410349;2747.3375899351;2931.6692167197;25595422789.23;344941570041.98;"2021-09-24T00:00:00.000Z"
3065.8379850737;3163.665008042;2932.6928245498;2934.1387982986;19164053680.85;345350983221.6;"2021-09-27T00:00:00.000Z"
2852.5588398649;3046.5194210922;2840.2894853221;3001.6790517388;17661065099.26;353421264860.04;"2021-09-30T00:00:00.000Z"
3390.7674589439;3484.6057720586;3348.1201775372;3418.3586596174;15516566862.06;402619122253.95;"2021-10-03T00:00:00.000Z"
3516.5702189818;3622.5512502363;3354.4696453725;3580.562049118;21855226591.2;421867592041.96;"2021-10-06T00:00:00.000Z"
3559.9978688668;3628.2372528923;3544.6403234097;3575.7168601111;12707036941.64;421440173778.4;"2021-10-09T00:00:00.000Z"
3546.477836677;3546.477836677;3407.3380870178;3492.5732717933;18109578442.54;411781081166.19;"2021-10-12T00:00:00.000Z"
3790.1544026081;3895.4662789756;3735.363508767;3862.6347654414;20966841512.16;455566504000.02;"2021-10-15T00:00:00.000Z"
3847.7300521785;3888.2092830043;3686.7503851904;3748.760140639;17386204157.67;442286890171.49;"2021-10-18T00:00:00.000Z"
4161.7135807451;4366.0883589591;4032.4838876682;4054.322680585;28220661819.63;478500948879.97;"2021-10-21T00:00:00.000Z"
4171.8561059188;4185.7292508966;3967.1204423084;4087.9030050266;14978083637.99;482628847456.41;"2021-10-24T00:00:00.000Z"
4132.1733503005;4299.1530444096;3930.2572450471;3930.2572450471;26219530404.47;464175061360.67;"2021-10-27T00:00:00.000Z"
4414.2434477043;4426.8486590688;4252.4939206411;4325.6503660056;14615490625.6;511045675622.72;"2021-10-30T00:00:00.000Z"
4288.2174696576;4377.3221914489;4160.9668430561;4324.6267937763;17985288261.13;511040780622.95;"2021-11-01T00:00:00.000Z"
4604.6786315832;4606.5163132503;4426.6227634904;4537.3240812825;18415244464.32;536356841434.36;"2021-11-04T00:00:00.000Z"
4523.9821606708;4640.9220366076;4510.9844112217;4620.5545029476;13541376033.01;546381671971.19;"2021-11-07T00:00:00.000Z"
4733.3629598373;4859.5030728835;4485.0934435672;4636.1742138137;22748160544.75;548414296327.06;"2021-11-10T00:00:00.000Z"
4666.7191451081;4702.1150871065;4582.1806103347;4651.460545018;14457436260.75;550408539446.39;"2021-11-13T00:00:00.000Z"
4570.4780250241;4891.7046975514;4144.3349984088;4216.3652329508;27417502801.26;499090512786.75;"2021-11-16T00:00:00.000Z"
3995.729604668;4311.7140754309;3982.9173670463;4298.3066195466;20626269711.44;508960524907.89;"2021-11-19T00:00:00.000Z"
4266.509396049;4302.0231118904;4033.5723000095;4088.4578165556;19752218876.96;484275218142.14;"2021-11-22T00:00:00.000Z"
4271.3946679097;4550.517892603;4249.7741996675;4274.7432411819;18705358317.77;506472632400.82;"2021-11-25T00:00:00.000Z"
4101.6488067748;4297.9165106246;3989.9699879217;4294.453696226;15953126339.81;509016708179.06;"2021-11-28T00:00:00.000Z"
4623.6794442015;4780.7324839017;4530.2725804827;4586.9901314905;27634826695.15;543871223794.94;"2021-12-01T00:00:00.000Z"
4227.7619645046;4242.7256377225;3525.4940537032;4119.5873499557;38478999182.25;488613645061.96;"2021-12-04T00:00:00.000Z"
4358.5871276004;4428.5892479817;4264.3236330035;4315.0615432082;22366213353.92;511968714781.49;"2021-12-07T00:00:00.000Z"
4433.0250492199;4482.314098365;4078.8442034998;4119.8157981194;22296131874.28;488911369092.64;"2021-12-09T00:00:00.000Z"
4084.8113317266;4173.6089028063;3993.0559999353;4134.4533314793;14057603913.79;490816832310.18;"2021-12-12T00:00:00.000Z"
3862.2514128901;4086.3728955738;3664.7198846949;4018.3886028698;26411188833.15;477201243361.62;"2021-12-15T00:00:00.000Z"
3880.2914892857;3993.8299406774;3774.6150167134;3960.8600159608;19530895888.65;470530555465.84;"2021-12-18T00:00:00.000Z"
3938.4638476619;4058.8212844654;3918.8380005931;4020.2600395305;16388555197.52;477751386114.63;"2021-12-21T00:00:00.000Z"
4111.3449792463;4134.1063192246;4029.0645644113;4047.98288882;12769090622.85;481210199545.08;"2021-12-24T00:00:00.000Z"
4064.7464106798;4126.0014394714;4033.4924687052;4037.5476922425;11424360002.26;480134213400.66;"2021-12-27T00:00:00.000Z"
3632.2198171779;3767.5598700984;3595.2048825948;3713.8521625699;12925377998.92;441792512826.8;"2021-12-30T00:00:00.000Z"
3769.2984373234;3836.1618045063;3727.3575084832;3829.565044537;9881471547.68;455713570380.85;"2022-01-02T00:00:00.000Z"
3794.2691446284;3842.0597282878;3456.74539616;3550.3868815397;18061338501.56;422636379036.13;"2022-01-05T00:00:00.000Z"
3193.5025462263;3240.3044814174;3020.880901329;3091.9725838675;16037732700.47;368192421486.96;"2022-01-08T00:00:00.000Z"
3082.9909615476;3247.5119863466;3061.1406931133;3238.1116493614;15211447193.44;385726806147.91;"2022-01-11T00:00:00.000Z"
3248.6488013336;3330.7661873162;3203.8237612978;3310.0014227047;13562957229.72;394425210961.65;"2022-01-14T00:00:00.000Z"
3330.3870946805;3376.4012018429;3291.5637221564;3350.9219689819;9505934873.65;399392136112.46;"2022-01-16T00:00:00.000Z"
3163.850271307;3171.1583980361;3055.2123779375;3095.8258381686;13187424143.89;369113617588.73;"2022-01-19T00:00:00.000Z"
2561.1453220273;2615.2472436038;2330.2472737849;2405.181065401;27369692035.55;286866655647.36;"2022-01-22T00:00:00.000Z"
2440.393460495;2498.5070133088;2359.3848477111;2455.9349620985;16179776931.53;293019902304.06;"2022-01-25T00:00:00.000Z"
2421.6469102965;2548.7785685493;2367.8337374388;2547.0919776439;14666227351.34;303999533600.72;"2022-01-28T00:00:00.000Z"
2603.2633963512;2697.7353675686;2489.0721760024;2688.2789217993;13778234613.69;320959888865.31;"2022-01-31T00:00:00.000Z"
2682.2260400518;2712.4827548493;2587.7833621637;2679.1625080027;12755505065.26;319980125796.27;"2022-02-03T00:00:00.000Z"
3014.9597560599;3061.2611522514;2965.4299502643;3057.4761243596;9466018022.46;365288302066.81;"2022-02-06T00:00:00.000Z"
3121.1825430253;3263.1557149388;3063.1601980067;3239.4571147106;13951308490.42;387161915315.85;"2022-02-09T00:00:00.000Z"
2927.3864110506;2980.0794228523;2870.1770118649;2917.3626816608;11254355756.53;348785733007.45;"2022-02-12T00:00:00.000Z"
2933.7291030566;3185.5207014857;2917.8572884044;3179.8770759747;13921257873.27;380300250254.05;"2022-02-15T00:00:00.000Z"
2884.3406483423;2937.3086735387;2761.6432448727;2785.7274909668;15748173432.77;333274482393.4;"2022-02-18T00:00:00.000Z"
2627.6654506506;2752.4585137975;2568.254453579;2573.8162259349;18646392739.73;308026942925.47;"2022-02-21T00:00:00.000Z"
2639.4470102325;2741.3684391287;2587.4129553485;2590.3596208657;13382637239.98;310077026339.98;"2022-02-23T00:00:00.000Z"
2764.9895067076;2849.4239850077;2745.0090705202;2781.1119039296;11724648351.01;333024181662.98;"2022-02-26T00:00:00.000Z"
2919.7758779522;3029.6515598419;2868.9389994088;2972.4850662484;18757425785.63;356060928141.81;"2022-03-01T00:00:00.000Z"
2834.9874030791;2835.1763168181;2587.7481763491;2617.1560278787;14496939024.25;313604105838.56;"2022-03-04T00:00:00.000Z"
2555.2975782329;2639.943218985;2455.5937269856;2497.7713203997;14594098730.83;299399838913.97;"2022-03-07T00:00:00.000Z"
2729.1165507058;2729.1165507058;2566.1931465245;2608.048497585;13292477213.27;312725132202.93;"2022-03-10T00:00:00.000Z"
2573.4879823055;2594.5496903308;2503.8851776896;2518.9446311693;8632000379.38;302142844336.01;"2022-03-13T00:00:00.000Z"
2620.0284850657;2781.3072306109;2610.7645075035;2772.0556183272;17915109769.41;332615747238.23;"2022-03-16T00:00:00.000Z"
2944.7217436815;2979.9869569661;2910.8022034422;2946.2571390434;11576463120.11;353637851553.37;"2022-03-19T00:00:00.000Z"
2897.7740978843;3040.3827645604;2892.5445014176;2973.1311309304;16830539230.05;356983458903.94;"2022-03-22T00:00:00.000Z"
3108.4490361844;3183.9579671076;3087.4908302393;3106.671279528;17030503831.09;373143966536.83;"2022-03-25T00:00:00.000Z"
3292.3223941196;3424.0192648472;3279.027176416;3336.634572264;20620450770.12;400900140647.22;"2022-03-28T00:00:00.000Z"
3385.2893589839;3435.128419505;3272.9346632837;3281.6428781566;17685495685.68;394425928251.04;"2022-03-31T00:00:00.000Z"
3449.7886623859;3521.2846781642;3442.0001602179;3445.0593709592;23571556214.77;414159902496.97;"2022-04-02T00:00:00.000Z"
3521.2397830665;3546.7068571416;3410.5475124889;3411.792508885;16681503199.28;410298423739.01;"2022-04-05T00:00:00.000Z"
3233.2724023532;3301.607533047;3179.1424282459;3192.0740436834;17557050668.9;384004266017.44;"2022-04-08T00:00:00.000Z"
3209.5769925259;3214.4618628244;2962.7564801251;2981.0523144288;21891804830.5;358739023178.63;"2022-04-11T00:00:00.000Z"
3117.8217454628;3139.9286567373;2988.4353080961;3019.9095098156;15821419930.94;363537133350.8;"2022-04-14T00:00:00.000Z"
3061.8819276333;3075.7759296598;2989.0439926137;2993.4032822558;10463091280.79;360466921073.66;"2022-04-17T00:00:00.000Z"
3103.9349763576;3157.8857125676;3045.2883189552;3077.7458333831;15547362265.24;370747899752.64;"2022-04-20T00:00:00.000Z"
2964.8023104144;2975.322700786;2926.7402724469;2938.1139934399;9116955609.47;354042065765.69;"2022-04-23T00:00:00.000Z"
3008.9463427501;3026.4150399661;2786.2530587267;2808.2983318587;19052045398.52;338514769949.36;"2022-04-26T00:00:00.000Z"
2936.7765387601;2943.4457089527;2782.4353869372;2815.6018973624;18771041399.05;339508249528.82;"2022-04-29T00:00:00.000Z"
2827.6139964462;2874.1460923186;2785.5229881267;2857.4105184866;18609741544.8;344664213658.6;"2022-05-02T00:00:00.000Z"
2940.2266468171;2948.9605777143;2704.9161748719;2749.2130422077;22642925047.88;331722438859.99;"2022-05-05T00:00:00.000Z"
2694.9918455628;2696.6527987299;2599.5233871032;2636.0929579647;13369276366.72;318142976736.13;"2022-05-07T00:00:00.000Z"
2242.6503446904;2450.7602363735;2206.7569380667;2343.5108884929;38202099639.11;282924938115.3;"2022-05-10T00:00:00.000Z"
1960.1225470264;2139.7133146957;1941.9759312277;2014.4182339085;24816096567.28;243274721466.96;"2022-05-13T00:00:00.000Z"
2145.8368067731;2145.8368067731;1988.811730833;2022.7259340438;21459552190.69;244357879748.28;"2022-05-16T00:00:00.000Z"
1916.1495138509;2028.3881503092;1907.0205049959;2018.3361706564;18734247914.12;243906956357.43;"2022-05-19T00:00:00.000Z"
1974.6706039198;2047.1914363783;1966.0387800025;2043.17012556;10941123403.41;246986847793.11;"2022-05-22T00:00:00.000Z"
1978.6770417608;2014.3695258598;1943.9385458392;1944.8278449212;13364545730.05;235174141323.92;"2022-05-25T00:00:00.000Z"
1762.4821598245;1800.4708338131;1724.635946351;1792.4161559381;12897702710.98;216813374963.24;"2022-05-28T00:00:00.000Z"
1996.4080538851;2005.4909850528;1932.3520802902;1942.3279982558;18363115559.73;235021820715.09;"2022-05-31T00:00:00.000Z"
1834.1350208551;1840.0588336567;1746.50976013;1775.0786195244;14878001810.98;214853197852.79;"2022-06-03T00:00:00.000Z"
1805.6360182343;1915.0304964045;1804.9902622307;1859.2896664779;16518471851.58;225114630766.06;"2022-06-06T00:00:00.000Z"
1793.5128068629;1827.2931385897;1779.8675448064;1789.8260449403;12013083392.88;216770182920.59;"2022-06-09T00:00:00.000Z"
1530.1896952145;1539.7050340887;1436.1839205992;1445.2165942978;23465074882.24;175086938731.69;"2022-06-12T00:00:00.000Z"
1204.5553442318;1252.4718310985;1094.7019131922;1211.6628946396;33327826524.97;146821604379.69;"2022-06-14T00:00:00.000Z"
1067.9877175497;1112.4716040754;1060.8677177692;1086.5193049794;14591486539.83;131697196726.13;"2022-06-17T00:00:00.000Z"
1127.6562680705;1159.9854021844;1066.113122112;1127.6423965514;19739691429;136722871083.63;"2022-06-20T00:00:00.000Z"
1051.3292849755;1146.4942022549;1050.2196137601;1143.3866855114;14657862919.04;138670376992.79;"2022-06-23T00:00:00.000Z"
1242.9875673312;1272.1312797085;1199.40633775;1199.8316334895;12096607824.46;145556215206.34;"2022-06-26T00:00:00.000Z"
1144.524364363;1152.6847713551;1092.0991705075;1098.9438844421;15386286815;133353794240.87;"2022-06-29T00:00:00.000Z"
1060.1212194119;1073.0525849391;1033.9621563877;1066.512767701;9935603640.09;129459761679.57;"2022-07-02T00:00:00.000Z"
1150.5098234052;1165.6827371455;1086.82999464;1134.5409720818;16195518290.65;137763639218.72;"2022-07-05T00:00:00.000Z"
1237.5803684034;1262.885768602;1200.6322159766;1222.5061935053;16315929081.51;148494701910.38;"2022-07-08T00:00:00.000Z"
1168.1390293968;1169.1938254349;1095.0027888183;1097.2365145348;12064180410.27;133322814435.65;"2022-07-11T00:00:00.000Z"
1113.5157594323;1202.9533573541;1077.4057161213;1191.5262140585;16688640822.54;144828136302.19;"2022-07-14T00:00:00.000Z"
1353.2050532185;1378.4174946676;1329.7633301092;1338.6357028739;16079711736.59;162763136859.6;"2022-07-17T00:00:00.000Z"
1542.9543406284;1612.6457743652;1500.8032491602;1520.2007176133;22942708339.63;184901273324.09;"2022-07-20T00:00:00.000Z"
1576.7453815608;1641.2092327356;1523.64175313;1537.4051210638;18926100581.63;187035568058.3;"2022-07-22T00:00:00.000Z"
1599.1572770221;1605.3369108572;1445.3834222179;1445.3834222179;20585056021.4;175898851084.4;"2022-07-25T00:00:00.000Z"
1636.2319913262;1774.5764401636;1604.8910068656;1725.4681887069;27231399966.41;210050435904.08;"2022-07-28T00:00:00.000Z"
1695.8847743025;1745.8831932375;1672.6128238582;1681.5173192968;14200735369.87;204771722888.53;"2022-07-31T00:00:00.000Z"
1633.0513165891;1678.0982582494;1595.6345233732;1618.8745428622;16786218830.48;197208540574.77;"2022-08-03T00:00:00.000Z"
1732.6610906428;1744.3263946508;1691.6580874496;1691.6580874496;11757911704.98;206143302111.46;"2022-08-06T00:00:00.000Z"
1776.071349747;1786.1226184972;1675.849868989;1703.0250301169;16368619691.97;207597034307.44;"2022-08-09T00:00:00.000Z"
1880.8991913726;1957.5529843447;1860.0834506923;1957.2464000865;17168141904.49;238664195002.23;"2022-08-12T00:00:00.000Z"
1936.760487789;2007.2103250958;1881.8568334306;1904.2281567639;20349931312.53;232274942656.73;"2022-08-15T00:00:00.000Z"
1833.7155297434;1876.3769668539;1826.9577386139;1847.0078347878;14999352228.95;225368717991.11;"2022-08-18T00:00:00.000Z"
1576.5436232347;1640.9365062161;1569.046542004;1619.3189146712;15849221751.57;197650970990.22;"2022-08-21T00:00:00.000Z"
1662.6953788565;1686.5576817292;1610.0992947091;1657.0591631515;16780932907.44;202323303041.31;"2022-08-24T00:00:00.000Z"
1508.1570215665;1517.1500421322;1454.2830133422;1491.3950366074;18120831898.8;182154372410.71;"2022-08-27T00:00:00.000Z"
1430.4394923917;1556.3095612652;1427.728355783;1553.0373243486;17965837488.06;189722196186.3;"2022-08-29T00:00:00.000Z"
1553.7563911596;1593.0827121884;1520.1883695663;1586.1768003099;16434276817.45;193834454491.69;"2022-09-01T00:00:00.000Z"
1556.8959076585;1578.0093199283;1543.6988331511;1577.6416253492;8884144997.97;192853381586.06;"2022-09-04T00:00:00.000Z"
1560.9067726242;1651.0511509286;1500.0136769346;1629.9063749585;19560363854.11;199305881389.89;"2022-09-07T00:00:00.000Z"
1718.9613151356;1784.4977849581;1710.2970035498;1776.2037540435;13130928216.56;217263495408.34;"2022-09-10T00:00:00.000Z"
1713.9625563857;1745.7790189186;1564.0318346989;1580.7879534271;23066821734.2;193422316197.85;"2022-09-13T00:00:00.000Z"
1471.9283652548;1480.5642031216;1415.581269116;1432.4477302011;16764804299.07;175325880262.72;"2022-09-16T00:00:00.000Z"
1335.2707285245;1388.2722606977;1287.4209501853;1377.5413278193;18712714222.94;168666096121.15;"2022-09-19T00:00:00.000Z"
1251.567391049;1336.1578753622;1240.9682383839;1327.6801279905;18461527258.54;162617761175.93;"2022-09-22T00:00:00.000Z"
1317.938519911;1333.3713799724;1275.627710053;1294.2167741314;11802651633.05;158574740489.23;"2022-09-25T00:00:00.000Z"
1329.5413435316;1351.9645207122;1267.8692186213;1337.4108666563;18994979566.43;163924504660.63;"2022-09-28T00:00:00.000Z"
1328.1937206528;1332.5164969655;1306.1024919609;1311.6444305439;6227961236.53;160822630102.87;"2022-10-01T00:00:00.000Z"
1323.2782963789;1364.9709154536;1320.0766993374;1362.126586858;10139774962.74;167070804931.43;"2022-10-04T00:00:00.000Z"
1352.8066306333;1380.4049004581;1349.4499313997;1351.7095271331;12033514861.06;165831763019.55;"2022-10-06T00:00:00.000Z"
1315.4601836525;1327.66879714;1309.344546431;1322.6043002227;5486230123.1;162317860620.67;"2022-10-09T00:00:00.000Z"
1279.7323077332;1303.0752009201;1277.5274477245;1294.9063205213;8355638578.12;158974260182.09;"2022-10-12T00:00:00.000Z"
1297.3059342988;1300.7459560151;1268.4684651013;1274.87164808;6798512623.95;156569408718.13;"2022-10-15T00:00:00.000Z"
1331.6699209621;1339.0859668817;1291.6606994331;1310.4470366521;10416747806.47;160364466785.93;"2022-10-18T00:00:00.000Z"
1283.1880659091;1305.0813115559;1260.6667427239;1299.9464423868;10412565245.47;159079468496.66;"2022-10-21T00:00:00.000Z"
1363.4918066525;1368.4255000004;1327.8540108573;1344.998488552;13092820173.3;164592661444.43;"2022-10-24T00:00:00.000Z"
1566.8413823932;1574.4034186478;1510.8167824574;1514.3748569051;22813499244.62;185319902025.23;"2022-10-27T00:00:00.000Z"
1619.6978943521;1637.0378795847;1579.4851979304;1590.783325383;13930073426.96;194670301516.91;"2022-10-30T00:00:00.000Z"
1579.4978960053;1613.4106738627;1507.2447410868;1519.711823268;23254218280.59;185973007218.42;"2022-11-02T00:00:00.000Z"
1645.1565554246;1660.4864321643;1625.964182735;1627.9680581756;11006973189.96;199220740931.91;"2022-11-05T00:00:00.000Z"
1568.3296330548;1574.7998379558;1259.4431002116;1332.8355929451;42048003440.2;163104244541.39;"2022-11-08T00:00:00.000Z"
1298.8824415638;1302.2952899635;1211.3295861906;1287.2211001564;20920539098.56;157522222703.27;"2022-11-11T00:00:00.000Z"
1255.4412477301;1271.712582069;1208.5209463868;1221.8192177316;10717455213.58;149518741493.03;"2022-11-13T00:00:00.000Z"
1251.8087863128;1264.486323706;1192.9878263122;1215.6025437668;11939561597.95;148757983064.94;"2022-11-16T00:00:00.000Z"
1212.2155146533;1227.8372738296;1200.475588407;1218.4268090143;5978745775.92;149103599322.5;"2022-11-19T00:00:00.000Z"
1142.3957822414;1142.3957822414;1084.8573027563;1108.3530462394;14080099207.95;135633447402.59;"2022-11-22T00:00:00.000Z"
1203.7994267442;1203.7994267442;1174.8233877819;1198.92593624;5483308195.58;146717202126.48;"2022-11-25T00:00:00.000Z"
1194.9603531827;1198.7376190027;1156.0625538289;1170.086159542;7275411870.13;143187967151.1;"2022-11-28T00:00:00.000Z"
1295.7695043818;1295.9998498633;1267.7084397456;1276.2739220942;6857935276.41;156182574199.63;"2022-12-01T00:00:00.000Z"
1243.2191954036;1281.4923129026;1242.9117847768;1280.2565936955;5174128453.66;156669949121.35;"2022-12-04T00:00:00.000Z"
1271.5531399937;1272.6941089206;1224.447999377;1232.437441428;5752205179.84;150818134579.13;"2022-12-07T00:00:00.000Z"
1264.3754471071;1279.5279728938;1262.1199174962;1266.3840988056;3282499999.33;154972318287.59;"2022-12-10T00:00:00.000Z"
1274.6625096186;1341.4393394293;1258.4724408204;1320.5492376277;8812883119.43;161600715739.48;"2022-12-13T00:00:00.000Z"
1266.4606109871;1278.1569381742;1162.1757117767;1168.2593542392;9297811507.17;142964413923.36;"2022-12-16T00:00:00.000Z"
1188.1285388698;1194.2144870251;1176.1858500567;1184.7152322367;3350092519.49;144978183335.93;"2022-12-18T00:00:00.000Z"
1217.5863865822;1218.1922576812;1206.4400976668;1213.5999925796;4217182733.37;148512923133.86;"2022-12-21T00:00:00.000Z"
1220.1178720003;1224.9116360862;1216.3387426871;1221.1486016354;2626153345.38;149436675608.59;"2022-12-24T00:00:00.000Z"
1226.9871016375;1230.4180313311;1205.8955875988;1212.791637557;4091530736.65;148414001604.48;"2022-12-27T00:00:00.000Z"
1201.5696378034;1202.0346691214;1187.4625433025;1199.2327542531;4055668252.59;146754748632.98;"2022-12-30T00:00:00.000Z"
1201.1033098436;1219.8606486892;1195.2150229214;1214.6566756133;3765758497.67;148642233522.06;"2023-01-02T00:00:00.000Z"
1256.4845925572;1258.5715587697;1245.1730563137;1250.4385512172;4001786456.04;153020999980.23;"2023-01-05T00:00:00.000Z"
1264.1819188294;1287.3594420315;1260.2267778263;1287.3594420315;3495088904.55;157539152133.39;"2023-01-08T00:00:00.000Z"
1336.4867782191;1387.9327050848;1323.5830689818;1387.9327050848;6314904310.54;169846691171.36;"2023-01-11T00:00:00.000Z"
1451.4285043867;1563.739097335;1450.9884397122;1550.7068639574;15444626013.73;189765994312.95;"2023-01-14T00:00:00.000Z"
1577.1074704651;1594.0010333301;1553.335882773;1567.8460502316;7599462786.03;191863382801.15;"2023-01-17T00:00:00.000Z"
1552.3737123169;1659.8857920368;1544.917826188;1659.7541193552;8528894753.59;203110528556.42;"2023-01-20T00:00:00.000Z"
1628.5508098992;1641.2181718458;1607.9030710699;1628.251040897;8264507375.29;199255375047.72;"2023-01-23T00:00:00.000Z"
1556.8074484541;1632.2416839849;1530.797907652;1611.711042612;10598973447.72;197231311510.35;"2023-01-25T00:00:00.000Z"
1598.1254209989;1604.7041215249;1565.3901123082;1572.4350441003;5803653357.3;192424955722.92;"2023-01-28T00:00:00.000Z"
1567.4199062376;1598.5175525317;1563.8043406703;1586.5353739335;6585191018.9;194150467599.55;"2023-01-31T00:00:00.000Z"
1642.9046958592;1670.6968659089;1634.2233793979;1664.7455821274;8169519804.5;203721353153.94;"2023-02-03T00:00:00.000Z"
1631.6452874606;1653.7155079011;1611.3190345666;1616.2471265662;6919871886.11;197786409641.32;"2023-02-06T00:00:00.000Z"
1651.0822199301;1655.2348426051;1537.1822608844;1546.4382885133;10524969123.83;189243632232.62;"2023-02-09T00:00:00.000Z"
1539.775988515;1545.5542576596;1501.4620055391;1515.033688007;5319698775.02;185400529851.63;"2023-02-12T00:00:00.000Z"
1556.7650968607;1674.2897496764;1545.689745899;1673.7460217114;10015035156.34;204822771743.5;"2023-02-15T00:00:00.000Z"
1694.7418031033;1705.3091416267;1683.6701444721;1691.8194566737;5491437195.03;207034487855.66;"2023-02-18T00:00:00.000Z"
1702.7977947801;1714.2856462201;1642.3967544528;1658.0363984124;8721608198.05;202900324403.57;"2023-02-21T00:00:00.000Z"
1650.8950917657;1661.0913441964;1583.1478663313;1608.3731584143;8909129422.93;196822841716.09;"2023-02-24T00:00:00.000Z"
1640.7636662849;1662.5757164092;1615.3879162265;1634.3263684101;7239824677.24;199998836364.05;"2023-02-27T00:00:00.000Z"
1663.5491117461;1672.0510884172;1622.6000283724;1647.3192793728;7080950926.4;201588829111.97;"2023-03-02T00:00:00.000Z"
1569.2781346479;1575.6372600489;1551.7368754146;1566.92394276;4389045366.61;191750540944.79;"2023-03-04T00:00:00.000Z"
1567.4246284982;1579.1622731468;1543.1275062026;1561.9331204295;6854058348.98;191139794720.6;"2023-03-07T00:00:00.000Z"
1438.7601676753;1438.7601676753;1378.5254019388;1429.1581327081;12665194935.78;174891606136.11;"2023-03-10T00:00:00.000Z"
1590.8311873178;1699.9117256812;1572.0746525543;1680.3089961384;15711468958.75;205625908298.01;"2023-03-13T00:00:00.000Z"
1656.3319964702;1693.1392286134;1639.2616673962;1677.2155034421;9364980166.4;205247345636.65;"2023-03-16T00:00:00.000Z"
1762.9632131905;1843.8441082245;1762.9632131905;1785.5765822409;9170565472.22;218507909796.79;"2023-03-19T00:00:00.000Z"
1804.9570335604;1821.4582716088;1717.7650838281;1737.7169855997;12484103560.38;212651145920.18;"2023-03-22T00:00:00.000Z"
1751.469499258;1762.6745108179;1716.6520353547;1743.7647859083;6614309912.22;213391238626.05;"2023-03-25T00:00:00.000Z"
1715.3273879176;1791.110918677;1702.5647546506;1772.7856574311;8346890042.23;216942634875.31;"2023-03-28T00:00:00.000Z"
1793.6200946137;1844.6773771632;1783.1421515183;1822.0221185209;9149379763.25;219476732219.84;"2023-03-31T00:00:00.000Z"
1794.9224275133;1839.1577971091;1765.5188951201;1810.2971389314;9643826400.76;218064367254.84;"2023-04-03T00:00:00.000Z"
1909.143508753;1909.2717499575;1857.0850481525;1872.9226620075;8263191830.26;225608098485.43;"2023-04-06T00:00:00.000Z"
1849.6722517235;1873.0573660031;1828.7001209059;1859.3877707862;6361497714.76;223977715590.51;"2023-04-09T00:00:00.000Z"
1911.3758037647;1936.7282705686;1886.5342226647;1892.189715911;8877222956.13;227928964948.72;"2023-04-11T00:00:00.000Z"
2013.9306402022;2126.316660772;2011.5032550558;2101.6355001253;16298099411.44;252646950002.52;"2023-04-14T00:00:00.000Z"
2120.0012396305;2120.1135626334;2063.0386843882;2076.2430038239;9648882545.8;247975491589.17;"2023-04-17T00:00:00.000Z"
1936.4179077583;1979.573337236;1918.1327647101;1943.0976697035;11324135406.44;234005095167.34;"2023-04-20T00:00:00.000Z"
1874.1715139648;1882.2296926797;1838.9924064358;1862.0620571837;6607451861.62;224214876354.3;"2023-04-23T00:00:00.000Z"
1866.1489341049;1962.5676586667;1792.4638100278;1866.564236591;14356524696.41;224743281403.41;"2023-04-26T00:00:00.000Z"
1892.5650308358;1916.9737865525;1887.9905286189;1908.9169855457;4796651245.87;229830520243.3;"2023-04-29T00:00:00.000Z"
1831.7265305707;1879.7595743342;1824.3270696947;1870.7892659124;7536785767.45;225222354683.52;"2023-05-02T00:00:00.000Z"
1877.8331774552;1998.4135547785;1876.9466254067;1995.0608851615;9498261359.65;240145032619.42;"2023-05-05T00:00:00.000Z"
1872.4751384308;1886.1621296463;1818.4505648411;1849.042756465;9895102898.68;222504389357.37;"2023-05-08T00:00:00.000Z"
1842.4921237221;1842.4921237221;1774.1325482637;1796.4906137076;8353828311.69;216135216883.07;"2023-05-11T00:00:00.000Z"
1796.1079663969;1823.4907678607;1793.2287550918;1800.5010095513;4711210241.24;221375138904.33;"2023-05-14T00:00:00.000Z"
1824.0684051134;1835.5546019973;1786.6719990036;1821.8595805464;6352161578.89;219138701233.08;"2023-05-17T00:00:00.000Z"
1800.9943643468;1826.1941974336;1797.434450887;1812.5895098483;4796110259.27;218010422175.62;"2023-05-19T00:00:00.000Z"
1804.8418680605;1826.6965809396;1793.2240359427;1817.5348253547;4534841048.84;218593840135.54;"2023-05-22T00:00:00.000Z"
1799.8451574147;1815.9947127958;1763.3651212148;1805.9536832882;6321689858.67;217184216646.79;"2023-05-25T00:00:00.000Z"
1831.0986544228;1915.7232262948;1825.4672629025;1910.9141581907;6359610561.11;229798912476.57;"2023-05-28T00:00:00.000Z"
1901.0982597761;1907.0353943202;1852.0947539702;1874.1304352123;5984512547.89;225361512775.62;"2023-05-31T00:00:00.000Z"
1907.4208237897;1908.8222945198;1885.4855084528;1892.4125288604;3472274607.39;227537459456.49;"2023-06-03T00:00:00.000Z"
1810.5814536374;1896.222644097;1801.4052467264;1884.4948378065;8704411776.11;226580142941.11;"2023-06-06T00:00:00.000Z"
1846.0778688055;1854.8249457862;1828.5445185312;1840.2251778375;4610831509.17;221248657889.82;"2023-06-09T00:00:00.000Z"
1753.0754314612;1757.659734798;1722.906400172;1742.5286400944;6031384958.11;209498804938.46;"2023-06-12T00:00:00.000Z"
1650.4982107179;1676.4065594574;1624.1383321295;1665.5198178778;7328564879.7;200224535661.62;"2023-06-15T00:00:00.000Z"
1727.1937051634;1746.5092078679;1718.1114505354;1720.577491777;3820038842.16;206832112414.09;"2023-06-18T00:00:00.000Z"
1791.9950289874;1898.6689110531;1788.4892389467;1891.0071503552;11731457711.06;227300141959.11;"2023-06-21T00:00:00.000Z"
1872.5407720867;1932.531664891;1865.1920172308;1892.8621079799;8290615074.46;227515380123.15;"2023-06-23T00:00:00.000Z"